t_d sv1 sv2 sv3 sv4 sv5
0.0000 nan 17.718 11.584 16.343 16.241
0.0069 nan 17.717 11.803 16.241 16.338
0.0139 nan 17.713 12.018 16.136 16.431
0.0208 nan 17.706 12.228 16.027 16.521
0.0278 nan 17.696 12.434 15.914 16.607
0.0347 nan 17.683 12.635 15.798 16.690
0.0417 nan 17.666 12.832 15.678 16.769
0.0486 nan 17.646 13.024 15.555 16.845
0.0556 nan 17.623 13.212 15.427 16.917
0.0625 nan 17.597 13.396 15.296 16.986
0.0694 nan 17.567 13.575 15.161 17.051
0.0764 nan 17.534 13.750 15.022 17.113
0.0833 nan 17.498 13.920 14.880 17.172
0.0903 nan 17.459 14.087 14.733 17.228
0.0972 7.380 17.417 14.249 14.583 17.280
0.1042 7.652 17.371 14.407 14.428 17.328
0.1111 7.924 17.322 14.561 14.270 17.374
0.1181 8.195 17.269 14.711 14.107 17.416
0.1250 8.465 17.214 14.857 13.941 17.454
0.1319 8.733 17.155 14.999 13.770 17.490
0.1389 8.998 17.092 15.137 13.595 17.522
0.1458 9.259 17.027 15.271 13.416 17.551
0.1528 9.518 16.958 15.401 13.232 17.576
0.1597 9.772 16.885 15.528 13.044 17.599
0.1667 10.023 16.809 15.650 12.852 17.618
0.1736 10.269 16.730 15.769 12.656 17.633
0.1806 10.512 16.647 15.884 12.455 17.646
0.1875 10.749 16.561 15.995 12.250 17.655
0.1944 10.983 16.471 16.103 12.041 17.661
0.2014 11.212 16.378 16.207 11.827 17.663
0.2083 11.436 16.282 16.307 11.608 17.663
0.2153 11.656 16.181 16.404 11.385 17.659
0.2222 11.871 16.077 16.497 11.158 17.652
0.2292 12.082 15.970 16.587 10.926 17.641
0.2361 12.289 15.859 16.673 10.689 17.627
0.2431 12.491 15.744 16.755 10.449 17.610
0.2500 12.689 15.626 16.834 10.204 17.590
0.2569 12.882 15.504 16.910 9.954 17.567
0.2639 13.071 15.378 16.982 9.701 17.540
0.2708 13.255 15.248 17.050 9.444 17.510
0.2778 13.436 15.114 17.115 9.183 17.476
0.2847 13.612 14.977 17.177 8.919 17.439
0.2917 13.784 14.836 17.236 8.652 17.399
0.2986 13.951 14.691 17.291 8.382 17.356
0.3056 14.115 14.541 17.342 8.111 17.309
0.3125 14.275 14.388 17.391 7.839 17.259
0.3194 14.430 14.231 17.435 nan 17.205
0.3264 14.582 14.070 17.477 nan 17.148
0.3333 14.729 13.904 17.515 nan 17.088
0.3403 14.873 13.735 17.550 nan 17.024
0.3472 15.013 13.561 17.582 nan 16.957
0.3542 15.148 13.383 17.610 nan 16.886
0.3611 15.281 13.201 17.635 nan 16.812
0.3681 15.409 13.015 17.657 nan 16.735
0.3750 15.533 12.824 17.676 nan 16.654
0.3819 15.654 12.628 17.691 nan 16.569
0.3889 15.771 12.429 17.703 nan 16.481
0.3958 15.885 12.225 17.712 nan 16.389
0.4028 15.995 12.016 17.717 nan 16.294
0.4097 16.101 11.803 17.719 nan 16.195
0.4167 16.204 11.586 17.718 nan 16.093
0.4236 16.303 11.363 17.714 nan 15.987
0.4306 16.398 11.137 17.707 nan 15.877
0.4375 16.490 10.906 17.696 nan 15.763
0.4444 16.579 10.670 17.682 nan 15.646
0.4514 16.664 10.430 17.664 nan 15.525
0.4583 16.746 10.186 17.644 nan 15.400
0.4653 16.824 9.937 17.620 nan 15.271
0.4722 16.899 9.685 17.593 nan 15.139
0.4792 16.970 9.428 17.563 nan 15.003
0.4861 17.038 9.168 17.529 nan 14.862
0.4931 17.103 8.905 17.492 nan 14.718
0.5000 17.165 8.638 17.452 nan 14.570
0.5069 17.223 8.370 17.408 nan 14.417
0.5139 17.277 8.099 17.361 nan 14.261
0.5208 17.329 nan 17.311 nan 14.101
0.5278 17.377 nan 17.258 8.023 13.936
0.5347 17.422 nan 17.201 8.294 13.767
0.5417 17.464 nan 17.141 8.564 13.594
0.5486 17.502 nan 17.077 8.831 13.417
0.5556 17.537 nan 17.010 9.096 13.235
0.5625 17.569 nan 16.940 9.358 13.049
0.5694 17.598 nan 16.867 9.616 12.859
0.5764 17.624 nan 16.789 9.870 12.664
0.5833 17.646 nan 16.709 10.120 12.465
0.5903 17.665 nan 16.625 10.366 12.261
0.5972 17.681 nan 16.537 10.608 12.053
0.6042 17.693 nan 16.447 10.845 11.841
0.6111 17.703 nan 16.352 11.078 11.623
0.6181 17.709 nan 16.254 11.306 11.402
0.6250 17.712 nan 16.153 11.530 11.175
0.6319 17.712 nan 16.047 11.750 10.944
0.6389 17.709 nan 15.939 11.965 10.709
0.6458 17.702 nan 15.826 12.175 10.469
0.6528 17.693 nan 15.710 12.381 10.225
0.6597 17.680 nan 15.591 12.582 9.976
0.6667 17.664 nan 15.467 12.779 9.724
0.6736 17.644 nan 15.340 12.972 9.467
0.6806 17.622 nan 15.209 13.160 9.206
0.6875 17.596 nan 15.075 13.343 8.942
0.6944 17.567 nan 14.936 13.523 8.675
0.7014 17.535 nan 14.794 13.698 8.405
0.7083 17.499 nan 14.647 13.869 8.133
0.7153 17.460 7.130 14.497 14.036 7.860
0.7222 17.418 7.404 14.343 14.198 7.586
0.7292 17.373 7.679 14.185 14.357 7.313
0.7361 17.325 7.955 14.023 14.511 nan
0.7431 17.273 8.229 13.857 14.662 nan
0.7500 17.218 8.502 13.686 14.808 nan
0.7569 17.159 8.772 13.512 14.951 nan
0.7639 17.098 9.039 13.333 15.089 nan
0.7708 17.033 9.303 13.151 15.224 nan
0.7778 16.964 9.563 12.963 15.354 nan
0.7847 16.892 9.819 12.772 15.481 nan
0.7917 16.817 10.071 12.577 15.604 nan
0.7986 16.739 10.319 12.377 15.724 nan
0.8056 16.656 10.562 12.172 15.839 nan
0.8125 16.571 10.801 11.964 15.951 nan
0.8194 16.482 11.035 11.751 16.059 nan
0.8264 16.390 11.265 11.534 16.164 nan
0.8333 16.294 11.490 11.312 16.264 nan
0.8403 16.194 11.710 11.086 16.362 nan
0.8472 16.091 11.926 10.855 16.455 nan
0.8542 15.984 12.137 10.621 16.545 nan
0.8611 15.874 12.344 10.382 16.632 nan
0.8681 15.760 12.547 10.139 16.715 nan
0.8750 15.643 12.744 9.892 16.795 nan
0.8819 15.521 12.938 9.641 16.871 nan
0.8889 15.397 13.127 9.387 16.943 nan
0.8958 15.268 13.311 9.129 17.012 nan
0.9028 15.135 13.492 8.868 17.078 nan
0.9097 14.999 13.668 8.604 17.140 nan
0.9167 14.859 13.840 8.339 17.199 nan
0.9236 14.715 14.007 8.072 17.255 nan
0.9306 14.567 14.171 7.804 17.307 7.914
0.9375 14.415 14.330 nan 17.356 8.185
0.9444 14.259 14.486 nan 17.401 8.454
0.9514 14.099 14.637 nan 17.443 8.721
0.9583 13.934 14.784 nan 17.482 8.986
0.9653 13.766 14.928 nan 17.518 9.248
0.9722 13.594 15.067 nan 17.550 9.506
0.9792 13.417 15.203 nan 17.579 9.761
0.9861 13.236 15.334 nan 17.604 10.012
0.9931 13.051 15.462 nan 17.627 10.259
1.0000 12.862 15.586 nan 17.646 10.502
1.0069 12.668 15.707 nan 17.661 10.741
1.0139 12.470 15.824 nan 17.674 10.975
1.0208 12.268 15.937 nan 17.683 11.205
1.0278 12.061 16.046 nan 17.689 11.431
1.0347 11.850 16.152 nan 17.692 11.652
1.0417 11.634 16.254 nan 17.691 11.869
1.0486 11.413 16.353 nan 17.687 12.081
1.0556 11.189 16.448 nan 17.680 12.289
1.0625 10.960 16.540 nan 17.670 12.493
1.0694 10.726 16.628 nan 17.656 12.692
1.0764 10.488 16.712 nan 17.640 12.886
1.0833 10.246 16.793 nan 17.620 13.077
1.0903 10.000 16.871 nan 17.596 13.263
1.0972 9.750 16.945 nan 17.569 13.445
1.1042 9.495 17.016 nan 17.540 13.622
1.1111 9.238 17.084 nan 17.506 13.796
1.1181 8.976 17.148 nan 17.470 13.965
1.1250 8.712 17.209 nan 17.430 14.130
1.1319 8.446 17.266 nan 17.387 14.291
1.1389 8.178 17.321 nan 17.341 14.448
1.1458 nan 17.371 8.054 17.291 14.601
1.1528 nan 17.419 8.320 17.238 14.750
1.1597 nan 17.463 8.585 17.181 14.896
1.1667 nan 17.504 8.848 17.122 15.037
1.1736 nan 17.542 9.109 17.058 15.174
1.1806 nan 17.577 9.366 16.992 15.308
1.1875 nan 17.608 9.620 16.922 15.437
1.1944 nan 17.636 9.871 16.849 15.563
1.2014 nan 17.661 10.118 16.772 15.686
1.2083 nan 17.683 10.361 16.692 15.804
1.2153 nan 17.701 10.599 16.608 15.919
1.2222 nan 17.716 10.834 16.521 16.030
1.2292 nan 17.728 11.064 16.430 16.138
1.2361 nan 17.737 11.290 16.336 16.242
1.2431 nan 17.743 11.511 16.239 16.342
1.2500 nan 17.745 11.728 16.137 16.439
1.2569 nan 17.744 11.941 16.033 16.532
1.2639 nan 17.740 12.149 15.924 16.622
1.2708 nan 17.733 12.353 15.812 16.708
1.2778 nan 17.722 12.553 15.697 16.791
1.2847 nan 17.709 12.748 15.577 16.870
1.2917 nan 17.692 12.939 15.454 16.946
1.2986 nan 17.672 13.125 15.327 17.018
1.3056 nan 17.649 13.308 15.197 17.087
1.3125 nan 17.622 13.486 15.062 17.153
1.3194 nan 17.593 13.660 14.924 17.215
1.3264 nan 17.560 13.829 14.782 17.274
1.3333 nan 17.523 13.995 14.636 17.329
1.3403 7.049 17.484 14.156 14.486 17.382
1.3472 7.321 17.441 14.314 14.332 17.430
1.3542 7.595 17.395 14.467 14.174 17.476
1.3611 7.869 17.346 14.617 14.013 17.518
1.3681 8.143 17.294 14.762 13.847 17.557
1.3750 8.416 17.238 14.903 13.677 17.593
1.3819 8.686 17.179 15.041 13.503 17.625
1.3889 8.953 17.116 15.175 13.324 17.654
1.3958 9.217 17.051 15.305 13.142 17.680
1.4028 9.477 16.981 15.431 12.955 17.702
1.4097 9.734 16.909 15.553 12.764 17.721
1.4167 9.986 16.833 15.672 12.569 17.737
1.4236 10.234 16.754 15.787 12.370 17.750
1.4306 10.478 16.671 15.898 12.166 17.759
1.4375 10.717 16.585 16.005 11.958 17.765
1.4444 10.952 16.495 16.109 11.745 17.768
1.4514 11.183 16.402 16.209 11.528 17.768
1.4583 11.408 16.305 16.306 11.307 17.764
1.4653 11.630 16.205 16.399 11.081 17.757
1.4722 11.846 16.102 16.489 10.851 17.747
1.4792 12.058 15.994 16.575 10.617 17.733
1.4861 12.266 15.883 16.657 10.379 17.717
1.4931 12.469 15.769 16.736 10.136 17.697
1.5000 12.667 15.651 16.812 9.890 17.673
1.5069 12.861 15.529 16.884 9.640 17.647
1.5139 13.051 15.403 16.953 9.386 17.617
1.5208 13.237 15.274 17.018 9.129 17.583
1.5278 13.418 15.140 17.080 8.869 17.547
1.5347 13.594 15.003 17.138 8.606 17.507
1.5417 13.767 14.863 17.194 8.341 17.464
1.5486 13.935 14.718 17.245 8.075 17.417
1.5556 14.099 14.569 17.294 7.808 17.367
1.5625 14.259 14.416 17.339 nan 17.314
1.5694 14.415 14.260 17.381 nan 17.257
1.5764 14.567 14.099 17.419 nan 17.197
1.5833 14.715 13.934 17.454 nan 17.133
1.5903 14.859 13.765 17.486 nan 17.066
1.5972 14.999 13.592 17.515 nan 16.996
1.6042 15.136 13.415 17.540 nan 16.922
1.6111 15.268 13.234 17.562 nan 16.845
1.6181 15.397 13.048 17.581 nan 16.764
1.6250 15.521 12.858 17.596 nan 16.679
1.6319 15.642 12.664 17.608 nan 16.591
1.6389 15.760 12.465 17.617 nan 16.500
1.6458 15.873 12.262 17.623 nan 16.405
1.6528 15.983 12.054 17.625 nan 16.306
1.6597 16.090 11.843 17.625 nan 16.203
1.6667 16.192 11.626 17.621 nan 16.097
1.6736 16.291 11.405 17.613 nan 15.987
1.6806 16.387 11.180 17.603 nan 15.874
1.6875 16.479 10.950 17.589 nan 15.756
1.6944 16.568 10.716 17.572 nan 15.635
1.7014 16.653 10.478 17.551 nan 15.510
1.7083 16.734 10.235 17.528 nan 15.382
1.7153 16.813 9.988 17.501 nan 15.249
1.7222 16.887 9.737 17.470 nan 15.112
1.7292 16.959 9.482 17.437 nan 14.972
1.7361 17.027 9.224 17.400 nan 14.827
1.7431 17.091 8.962 17.360 nan 14.678
1.7500 17.153 8.698 17.317 nan 14.525
1.7569 17.211 8.431 17.270 nan 14.369
1.7639 17.265 nan 17.220 nan 14.207
1.7708 17.317 nan 17.167 nan 14.042
1.7778 17.365 nan 17.110 8.321 13.873
1.7847 17.409 nan 17.050 8.584 13.699
1.7917 17.451 nan 16.986 8.846 13.521
1.7986 17.489 nan 16.920 9.106 13.338
1.8056 17.524 nan 16.849 9.363 13.151
1.8125 17.556 nan 16.776 9.616 12.959
1.8194 17.584 nan 16.699 9.866 12.763
1.8264 17.610 nan 16.618 10.112 12.563
1.8333 17.632 nan 16.534 10.355 12.357
1.8403 17.650 nan 16.447 10.593 12.148
1.8472 17.666 nan 16.356 10.827 11.933
1.8542 17.679 nan 16.262 11.057 11.714
1.8611 17.688 nan 16.164 11.283 11.490
1.8681 17.694 nan 16.062 11.504 11.261
1.8750 17.697 nan 15.957 11.721 11.028
1.8819 17.696 nan 15.849 11.933 10.789
1.8889 17.693 nan 15.736 12.141 10.546
1.8958 17.686 nan 15.620 12.345 10.298
1.9028 17.676 nan 15.501 12.545 10.046
1.9097 17.663 nan 15.377 12.739 9.789
1.9167 17.646 nan 15.250 12.930 9.528
1.9236 17.627 nan 15.119 13.117 9.262
1.9306 17.604 nan 14.984 13.299 8.993
1.9375 17.578 nan 14.846 13.477 8.719
1.9444 17.549 nan 14.703 13.651 8.443
1.9514 17.517 nan 14.557 13.821 8.163
1.9583 17.481 6.794 14.407 13.986 7.882
1.9653 17.442 7.064 14.253 14.148 7.600
1.9722 17.400 7.337 14.095 14.305 7.317
1.9792 17.354 7.613 13.933 14.459 7.036
1.9861 17.306 7.888 13.767 14.608 6.758
1.9931 17.254 8.163 13.597 14.754 nan
2.0000 17.199 8.436 13.422 14.896 nan
2.0069 17.140 8.706 13.244 15.033 nan
2.0139 17.078 8.974 13.061 15.167 nan
2.0208 17.013 9.238 12.874 15.297 nan
2.0278 16.945 9.499 12.683 15.424 nan
2.0347 16.873 9.756 12.488 15.546 nan
2.0417 16.798 10.008 12.288 15.665 nan
2.0486 16.719 10.257 12.085 15.780 nan
2.0556 16.637 10.501 11.877 15.892 nan
2.0625 16.552 10.740 11.664 15.999 nan
2.0694 16.463 10.975 11.447 16.104 nan
2.0764 16.370 11.205 11.226 16.204 nan
2.0833 16.275 11.431 11.001 16.301 nan
2.0903 16.175 11.651 10.771 16.394 nan
2.0972 16.072 11.868 10.538 16.484 nan
2.1042 15.966 12.080 10.300 16.571 nan
2.1111 15.856 12.287 10.058 16.653 nan
2.1181 15.742 12.490 9.812 16.733 nan
2.1250 15.625 12.688 9.563 16.809 nan
2.1319 15.504 12.882 9.310 16.881 nan
2.1389 15.380 13.071 9.055 16.950 nan
2.1458 15.251 13.256 8.796 17.016 nan
2.1528 15.119 13.437 8.535 17.078 nan
2.1597 14.983 13.614 8.273 17.137 nan
2.1667 14.844 13.786 8.009 17.192 nan
2.1736 14.700 13.954 7.746 17.244 7.901
2.1806 14.553 14.117 nan 17.293 8.179
2.1875 14.401 14.277 nan 17.339 8.455
2.1944 14.246 14.433 nan 17.381 8.728
2.2014 14.087 14.584 nan 17.419 8.999
2.2083 13.923 14.732 nan 17.455 9.267
2.2153 13.756 14.875 nan 17.487 9.531
2.2222 13.585 15.015 nan 17.516 9.791
2.2292 13.409 15.151 nan 17.542 10.046
2.2361 13.229 15.282 nan 17.564 10.298
2.2431 13.045 15.410 nan 17.583 10.545
2.2500 12.857 15.535 nan 17.599 10.787
2.2569 12.665 15.655 nan 17.611 11.025
2.2639 12.468 15.772 nan 17.620 11.259
2.2708 12.267 15.885 nan 17.626 11.487
2.2778 12.062 15.995 nan 17.629 11.712
2.2847 11.852 16.100 nan 17.628 11.931
2.2917 11.638 16.203 nan 17.625 12.146
2.2986 11.420 16.301 nan 17.618 12.357
2.3056 11.197 16.396 nan 17.607 12.563
2.3125 10.970 16.488 nan 17.594 12.764
2.3194 10.739 16.576 nan 17.577 12.961
2.3264 10.503 16.660 nan 17.557 13.153
2.3333 10.264 16.741 nan 17.533 13.341
2.3403 10.020 16.819 nan 17.507 13.525
2.3472 9.772 16.893 nan 17.477 13.705
2.3542 9.521 16.964 nan 17.443 13.880
2.3611 9.267 17.031 nan 17.407 14.051
2.3681 9.009 17.095 nan 17.367 14.218
2.3750 8.748 17.156 nan 17.324 14.380
2.3819 nan 17.213 nan 17.277 14.539
2.3889 nan 17.267 nan 17.228 14.693
2.3958 nan 17.318 8.383 17.174 14.844
2.4028 nan 17.366 8.644 17.118 14.990
2.4097 nan 17.410 8.902 17.058 15.133
2.4167 nan 17.450 9.159 16.995 15.272
2.4236 nan 17.488 9.412 16.928 15.406
2.4306 nan 17.522 9.663 16.858 15.537
2.4375 nan 17.553 9.910 16.785 15.664
2.4444 nan 17.581 10.153 16.708 15.788
2.4514 nan 17.606 10.393 16.627 15.907
2.4583 nan 17.627 10.629 16.543 16.023
2.4653 nan 17.645 10.860 16.456 16.136
2.4722 nan 17.660 11.088 16.365 16.244
2.4792 nan 17.672 11.311 16.271 16.349
2.4861 nan 17.681 11.530 16.173 16.451
2.4931 nan 17.686 11.745 16.071 16.548
2.5000 nan 17.688 11.955 15.966 16.643
2.5069 nan 17.687 12.162 15.858 16.733
2.5139 nan 17.683 12.363 15.745 16.820
2.5208 nan 17.676 12.561 15.629 16.904
2.5278 nan 17.665 12.755 15.510 16.984
2.5347 nan 17.651 12.944 15.386 17.061
2.5417 nan 17.634 13.129 15.259 17.135
2.5486 nan 17.614 13.309 15.128 17.205
2.5556 nan 17.590 13.486 14.993 17.271
2.5625 nan 17.564 13.659 14.855 17.334
2.5694 nan 17.534 13.827 14.712 17.394
2.5764 nan 17.501 13.991 14.566 17.450
2.5833 6.740 17.464 14.151 14.415 17.503
2.5903 7.004 17.425 14.308 14.261 17.553
2.5972 7.272 17.382 14.460 14.103 17.600
2.6042 7.543 17.336 14.608 13.941 17.643
2.6111 7.815 17.286 14.753 13.774 17.682
2.6181 8.086 17.234 14.893 13.604 17.719
2.6250 8.356 17.178 15.030 13.429 17.752
2.6319 8.625 17.119 15.163 13.250 17.782
2.6389 8.890 17.056 15.292 13.067 17.809
2.6458 9.153 16.990 15.417 12.880 17.832
2.6528 9.412 16.921 15.539 12.689 17.852
2.6597 9.667 16.849 15.657 12.493 17.869
2.6667 9.918 16.773 15.771 12.293 17.882
2.6736 10.166 16.693 15.882 12.088 17.893
2.6806 10.409 16.611 15.989 11.880 17.900
2.6875 10.647 16.525 16.092 11.667 17.904
2.6944 10.881 16.435 16.192 11.449 17.904
2.7014 11.111 16.342 16.288 11.228 17.901
2.7083 11.336 16.246 16.381 11.002 17.895
2.7153 11.557 16.146 16.470 10.771 17.886
2.7222 11.773 16.042 16.555 10.537 17.874
2.7292 11.985 15.935 16.638 10.298 17.858
2.7361 12.192 15.824 16.716 10.056 17.839
2.7431 12.394 15.710 16.792 9.809 17.816
2.7500 12.593 15.592 16.863 9.559 17.791
2.7569 12.786 15.471 16.932 9.305 17.762
2.7639 12.976 15.345 16.997 9.048 17.729
2.7708 13.161 15.217 17.059 8.789 17.694
2.7778 13.342 15.084 17.117 8.527 17.655
2.7847 13.518 14.947 17.172 8.263 17.613
2.7917 13.690 14.807 17.223 7.998 17.567
2.7986 13.858 14.663 17.272 7.733 17.518
2.8056 14.022 14.515 17.317 nan 17.466
2.8125 14.182 14.363 17.358 nan 17.410
2.8194 14.338 14.208 17.396 nan 17.351
2.8264 14.489 14.048 17.431 nan 17.288
2.8333 14.637 13.884 17.463 nan 17.222
2.8403 14.781 13.716 17.492 nan 17.153
2.8472 14.921 13.544 17.517 nan 17.080
2.8542 15.057 13.368 17.539 nan 17.004
2.8611 15.189 13.188 17.557 nan 16.924
2.8681 15.317 13.004 17.572 nan 16.840
2.8750 15.441 12.815 17.585 nan 16.753
2.8819 15.562 12.623 17.593 nan 16.663
2.8889 15.679 12.426 17.599 nan 16.569
2.8958 15.792 12.224 17.601 nan 16.471
2.9028 15.902 12.019 17.600 nan 16.369
2.9097 16.008 11.809 17.596 nan 16.264
2.9167 16.110 11.595 17.589 nan 16.155
2.9236 16.209 11.377 17.578 nan 16.043
2.9306 16.304 11.154 17.564 nan 15.926
2.9375 16.396 10.927 17.547 nan 15.806
2.9444 16.484 10.696 17.526 nan 15.682
2.9514 16.569 10.461 17.502 nan 15.554
2.9583 16.650 10.221 17.475 nan 15.422
2.9653 16.728 9.978 17.445 nan 15.287
2.9722 16.803 9.731 17.411 nan 15.147
2.9792 16.874 9.481 17.374 nan 15.003
2.9861 16.941 9.227 17.334 nan 14.855
2.9931 17.005 8.970 17.290 nan 14.703
3.0000 17.066 8.711 17.243 nan 14.547
3.0069 17.124 nan 17.193 nan 14.387
3.0139 17.178 nan 17.140 nan 14.222
3.0208 17.229 nan 17.083 nan 14.053
3.0278 17.277 nan 17.022 8.667 13.880
3.0347 17.321 nan 16.959 8.927 13.702
3.0417 17.362 nan 16.892 9.184 13.520
3.0486 17.400 nan 16.821 9.438 13.333
3.0556 17.434 nan 16.747 9.689 13.142
3.0625 17.466 nan 16.670 9.937 12.946
3.0694 17.494 nan 16.589 10.180 12.746
3.0764 17.518 nan 16.505 10.420 12.541
3.0833 17.540 nan 16.417 10.656 12.331
3.0903 17.558 nan 16.325 10.888 12.116
3.0972 17.574 nan 16.231 11.116 11.896
3.1042 17.586 nan 16.132 11.340 11.672
3.1111 17.594 nan 16.030 11.559 11.442
3.1181 17.600 nan 15.924 11.774 11.208
3.1250 17.602 nan 15.815 11.985 10.968
3.1319 17.602 nan 15.702 12.191 10.724
3.1389 17.597 nan 15.586 12.393 10.474
3.1458 17.590 nan 15.465 12.591 10.220
3.1528 17.580 nan 15.341 12.785 9.961
3.1597 17.566 nan 15.213 12.974 9.697
3.1667 17.549 nan 15.082 13.159 9.428
3.1736 17.529 nan 14.946 13.340 9.154
3.1806 17.506 nan 14.807 13.517 8.877
3.1875 17.480 nan 14.664 13.690 8.596
3.1944 17.450 nan 14.517 13.858 8.310
3.2014 17.418 nan 14.366 14.023 8.022
3.2083 17.381 6.776 14.211 14.183 7.731
3.2153 17.342 7.039 14.052 14.340 7.439
3.2222 17.300 7.307 13.889 14.492 7.147
3.2292 17.254 7.576 13.722 14.641 6.857
3.2361 17.205 7.846 13.551 14.786 6.569
3.2431 17.153 8.117 13.375 14.927 nan
3.2500 17.097 8.385 13.196 15.064 nan
3.2569 17.038 8.652 13.012 15.197 nan
3.2639 16.976 8.916 12.824 15.326 nan
3.2708 16.911 9.177 12.632 15.452 nan
3.2778 16.842 9.435 12.435 15.574 nan
3.2847 16.770 9.689 12.234 15.692 nan
3.2917 16.695 9.939 12.029 15.806 nan
3.2986 16.616 10.185 11.820 15.917 nan
3.3056 16.534 10.427 11.606 16.024 nan
3.3125 16.448 10.664 11.388 16.128 nan
3.3194 16.359 10.897 11.165 16.228 nan
3.3264 16.267 11.126 10.938 16.325 nan
3.3333 16.171 11.350 10.707 16.418 nan
3.3403 16.071 11.569 10.472 16.507 nan
3.3472 15.968 11.784 10.233 16.593 nan
3.3542 15.862 11.994 9.989 16.675 nan
3.3611 15.752 12.201 9.742 16.754 nan
3.3681 15.639 12.402 9.491 16.830 nan
3.3750 15.521 12.599 9.237 16.902 nan
3.3819 15.401 12.792 8.980 16.971 nan
3.3889 15.276 12.980 8.720 17.036 nan
3.3958 15.148 13.164 8.458 17.098 nan
3.4028 15.016 13.344 8.194 17.157 nan
3.4097 14.881 13.520 7.929 17.212 nan
3.4167 14.742 13.691 7.665 17.264 7.786
3.4236 14.599 13.858 nan 17.312 8.072
3.4306 14.452 14.021 nan 17.358 8.357
3.4375 14.301 14.180 nan 17.399 8.638
3.4444 14.147 14.335 nan 17.438 8.917
3.4514 13.988 14.485 nan 17.473 9.192
3.4583 13.826 14.632 nan 17.505 9.463
3.4653 13.659 14.775 nan 17.534 9.729
3.4722 13.489 14.914 nan 17.560 9.992
3.4792 13.314 15.049 nan 17.582 10.249
3.4861 13.136 15.180 nan 17.601 10.502
3.4931 12.953 15.307 nan 17.616 10.750
3.5000 12.767 15.431 nan 17.629 10.994
3.5069 12.576 15.551 nan 17.638 11.232
3.5139 12.381 15.667 nan 17.644 11.466
3.5208 12.182 15.780 nan 17.646 11.695
3.5278 11.978 15.888 nan 17.646 11.919
3.5347 11.771 15.994 nan 17.642 12.139
3.5417 11.559 16.095 nan 17.635 12.353
3.5486 11.344 16.193 nan 17.624 12.563
3.5556 11.124 16.287 nan 17.610 12.768
3.5625 10.900 16.378 nan 17.593 12.969
3.5694 10.672 16.466 nan 17.573 13.165
3.5764 10.440 16.550 nan 17.550 13.357
3.5833 10.204 16.630 nan 17.523 13.544
3.5903 9.964 16.707 nan 17.493 13.727
3.5972 9.721 16.780 nan 17.459 13.905
3.6042 9.475 16.851 nan 17.422 14.079
3.6111 9.226 16.917 nan 17.382 14.249
3.6181 8.974 16.981 nan 17.339 14.414
3.6250 nan 17.041 nan 17.292 14.576
3.6319 nan 17.098 nan 17.242 14.733
3.6389 nan 17.151 nan 17.189 14.886
3.6458 nan 17.201 8.738 17.132 15.035
3.6528 nan 17.248 8.996 17.072 15.180
3.6597 nan 17.291 9.252 17.008 15.321
3.6667 nan 17.331 9.505 16.941 15.459
3.6736 nan 17.368 9.755 16.871 15.592
3.6806 nan 17.402 10.001 16.797 15.721
3.6875 nan 17.432 10.243 16.720 15.847
3.6944 nan 17.460 10.482 16.639 15.969
3.7014 nan 17.484 10.717 16.555 16.087
3.7083 nan 17.504 10.947 16.467 16.201
3.7153 nan 17.522 11.174 16.376 16.312
3.7222 nan 17.536 11.396 16.281 16.419
3.7292 nan 17.547 11.614 16.183 16.522
3.7361 nan 17.555 11.828 16.081 16.622
3.7431 nan 17.560 12.037 15.975 16.718
3.7500 nan 17.561 12.242 15.866 16.811
3.7569 nan 17.560 12.443 15.753 16.900
3.7639 nan 17.555 12.640 15.636 16.985
3.7708 nan 17.547 12.832 15.516 17.067
3.7778 nan 17.535 13.021 15.391 17.146
3.7847 nan 17.521 13.205 15.264 17.221
3.7917 nan 17.503 13.385 15.132 17.293
3.7986 nan 17.482 13.561 14.996 17.361
3.8056 nan 17.458 13.732 14.857 17.426
3.8125 nan 17.431 13.900 14.713 17.487
3.8194 nan 17.401 14.064 14.566 17.545
3.8264 nan 17.367 14.223 14.414 17.600
3.8333 6.769 17.330 14.379 14.259 17.652
3.8403 7.024 17.290 14.530 14.100 17.700
3.8472 7.284 17.246 14.678 13.936 17.744
3.8542 7.547 17.200 14.822 13.768 17.786
3.8611 7.811 17.150 14.962 13.597 17.824
3.8681 8.076 17.097 15.098 13.421 17.859
3.8750 8.340 17.040 15.230 13.240 17.890
3.8819 8.602 16.980 15.359 13.056 17.919
3.8889 8.862 16.917 15.484 12.867 17.943
3.8958 9.119 16.851 15.605 12.674 17.965
3.9028 9.373 16.781 15.723 12.477 17.984
3.9097 9.624 16.708 15.836 12.275 17.999
3.9167 9.871 16.632 15.947 12.069 18.011
3.9236 10.115 16.552 16.053 11.858 18.019
3.9306 10.354 16.469 16.156 11.643 18.025
3.9375 10.589 16.383 16.256 11.423 18.027
3.9444 10.820 16.293 16.352 11.199 18.026
3.9514 11.046 16.200 16.444 10.971 18.021
3.9583 11.269 16.103 16.533 10.738 18.014
3.9653 11.486 16.003 16.618 10.501 18.003
3.9722 11.700 15.899 16.700 10.260 17.989
3.9792 11.909 15.792 16.779 10.015 17.971
3.9861 12.114 15.681 16.854 9.765 17.951
3.9931 12.314 15.566 16.925 9.512 17.927
4.0000 12.510 15.448 16.994 9.255 17.899
4.0069 12.702 15.327 17.059 8.995 17.869
4.0139 12.889 15.202 17.120 8.732 17.835
4.0208 13.072 15.073 17.178 8.467 17.798
4.0278 13.251 14.940 17.233 8.200 17.757
4.0347 13.425 14.804 17.284 7.931 17.713
4.0417 13.596 14.664 17.333 7.663 17.666
4.0486 13.762 14.520 17.377 nan 17.616
4.0556 13.925 14.373 17.419 nan 17.562
4.0625 14.083 14.221 17.457 nan 17.504
4.0694 14.237 14.066 17.492 nan 17.444
4.0764 14.387 13.907 17.524 nan 17.379
4.0833 14.533 13.744 17.552 nan 17.312
4.0903 14.676 13.577 17.577 nan 17.241
4.0972 14.814 13.406 17.599 nan 17.166
4.1042 14.949 13.231 17.618 nan 17.088
4.1111 15.079 13.051 17.633 nan 17.007
4.1181 15.206 12.868 17.645 nan 16.922
4.1250 15.329 12.681 17.654 nan 16.833
4.1319 15.449 12.490 17.659 nan 16.741
4.1389 15.565 12.295 17.662 nan 16.645
4.1458 15.677 12.095 17.661 nan 16.545
4.1528 15.785 11.892 17.656 nan 16.442
4.1597 15.890 11.684 17.649 nan 16.335
4.1667 15.991 11.472 17.638 nan 16.225
4.1736 16.089 11.257 17.624 nan 16.110
4.1806 16.183 11.037 17.607 nan 15.992
4.1875 16.274 10.813 17.586 nan 15.870
4.1944 16.361 10.585 17.562 nan 15.745
4.2014 16.444 10.354 17.535 nan 15.615
4.2083 16.524 10.119 17.505 nan 15.481
4.2153 16.601 9.880 17.471 nan 15.344
4.2222 16.675 9.638 17.434 nan 15.202
4.2292 16.744 9.393 17.394 nan 15.056
4.2361 16.811 9.146 17.350 nan 14.906
4.2431 16.874 nan 17.303 nan 14.752
4.2500 16.934 nan 17.253 nan 14.594
4.2569 16.990 nan 17.199 nan 14.432
4.2639 17.044 nan 17.142 nan 14.265
4.2708 17.093 nan 17.081 8.759 14.094
4.2778 17.140 nan 17.017 9.020 13.918
4.2847 17.183 nan 16.950 9.279 13.739
4.2917 17.223 nan 16.879 9.534 13.554
4.2986 17.260 nan 16.805 9.786 13.365
4.3056 17.294 nan 16.728 10.034 13.171
4.3125 17.324 nan 16.646 10.279 12.973
4.3194 17.351 nan 16.562 10.519 12.770
4.3264 17.375 nan 16.474 10.756 12.562
4.3333 17.395 nan 16.382 10.988 12.349
4.3403 17.413 nan 16.287 11.216 12.131
4.3472 17.427 nan 16.188 11.440 11.909
4.3542 17.438 nan 16.085 11.659 11.681
4.3611 17.445 nan 15.979 11.874 11.448
4.3681 17.450 nan 15.869 12.085 11.211
4.3750 17.451 nan 15.756 12.291 10.968
4.3819 17.449 nan 15.639 12.493 10.719
4.3889 17.444 nan 15.518 12.691 10.466
4.3958 17.436 nan 15.393 12.885 10.208
4.4028 17.425 nan 15.265 13.074 9.944
4.4097 17.410 nan 15.132 13.259 9.675
4.4167 17.392 nan 14.996 13.440 9.402
4.4236 17.371 nan 14.856 13.616 9.123
4.4306 17.347 nan 14.712 13.789 8.840
4.4375 17.320 nan 14.564 13.957 8.553
4.4444 17.289 nan 14.412 14.122 8.262
4.4514 17.255 nan 14.256 14.282 7.968
4.4583 17.218 6.848 14.095 14.439 7.671
4.4653 17.178 7.101 13.931 14.591 7.372
4.4722 17.135 7.358 13.763 14.739 7.073
4.4792 17.088 7.618 13.590 14.884 6.775
4.4861 17.038 7.880 13.413 15.025 6.480
4.4931 16.985 8.141 13.232 15.162 nan
4.5000 16.928 8.402 13.047 15.295 nan
4.5069 16.869 8.661 12.857 15.424 nan
4.5139 16.806 8.918 12.663 15.549 nan
4.5208 16.739 9.173 12.464 15.671 nan
4.5278 16.670 9.424 12.261 15.789 nan
4.5347 16.597 9.672 12.054 15.904 nan
4.5417 16.520 9.916 11.842 16.015 nan
4.5486 16.441 10.157 11.626 16.122 nan
4.5556 16.358 10.394 11.405 16.225 nan
4.5625 16.271 10.626 11.180 16.325 nan
4.5694 16.182 10.855 10.950 16.422 nan
4.5764 16.088 11.079 10.716 16.515 nan
4.5833 15.992 11.299 10.477 16.604 nan
4.5903 15.892 11.514 10.234 16.690 nan
4.5972 15.788 11.726 9.987 16.773 nan
4.6042 15.681 11.932 9.736 16.852 nan
4.6111 15.571 12.135 9.481 16.928 nan
4.6181 15.456 12.333 9.223 17.000 nan
4.6250 15.339 12.527 8.961 17.069 nan
4.6319 15.218 12.717 8.696 17.134 nan
4.6389 15.093 12.903 8.428 17.196 nan
4.6458 14.964 13.084 8.159 17.255 nan
4.6528 14.832 13.261 7.889 17.310 nan
4.6597 14.696 13.434 7.618 17.362 nan
4.6667 14.557 13.603 nan 17.411 7.866
4.6736 14.414 13.767 nan 17.456 8.157
4.6806 14.267 13.928 nan 17.498 8.446
4.6875 14.116 14.084 nan 17.537 8.732
4.6944 13.961 14.237 nan 17.573 9.014
4.7014 13.803 14.386 nan 17.605 9.292
4.7083 13.641 14.530 nan 17.634 9.566
4.7153 13.475 14.671 nan 17.659 9.835
4.7222 13.305 14.808 nan 17.682 10.099
4.7292 13.131 14.941 nan 17.701 10.359
4.7361 12.953 15.070 nan 17.717 10.613
4.7431 12.771 15.196 nan 17.729 10.863
4.7500 12.585 15.318 nan 17.739 11.107
4.7569 12.395 15.436 nan 17.745 11.347
4.7639 12.202 15.550 nan 17.747 11.581
4.7708 12.004 15.661 nan 17.747 11.811
4.7778 11.802 15.768 nan 17.743 12.035
4.7847 11.596 15.871 nan 17.736 12.255
4.7917 11.387 15.971 nan 17.726 12.470
4.7986 11.173 16.068 nan 17.712 12.680
4.8056 10.956 16.160 nan 17.696 12.885
4.8125 10.735 16.250 nan 17.676 13.086
4.8194 10.510 16.336 nan 17.652 13.282
4.8264 10.282 16.418 nan 17.626 13.474
4.8333 10.050 16.497 nan 17.596 13.661
4.8403 9.815 16.572 nan 17.562 13.843
4.8472 9.578 16.644 nan 17.526 14.021
4.8542 9.337 16.713 nan 17.486 14.195
4.8611 nan 16.778 nan 17.443 14.364
4.8681 nan 16.840 nan 17.396 14.529
4.8750 nan 16.899 nan 17.346 14.690
4.8819 nan 16.954 nan 17.293 14.846
4.8889 nan 17.006 8.815 17.236 14.999
4.8958 nan 17.055 9.077 17.176 15.147
4.9028 nan 17.100 9.336 17.113 15.292
4.9097 nan 17.142 9.592 17.046 15.432
4.9167 nan 17.181 9.844 16.976 15.568
4.9236 nan 17.216 10.093 16.902 15.701
4.9306 nan 17.249 10.338 16.825 15.830
4.9375 nan 17.278 10.579 16.744 15.954
4.9444 nan 17.303 10.815 16.660 16.075
4.9514 nan 17.326 11.047 16.572 16.192
4.9583 nan 17.345 11.275 16.480 16.306
4.9653 nan 17.361 11.499 16.385 16.416
4.9722 nan 17.374 11.718 16.287 16.522
4.9792 nan 17.384 11.933 16.185 16.624
4.9861 nan 17.391 12.144 16.079 16.723
4.9931 nan 17.394 12.350 15.969 16.818
5.0000 nan 17.394 12.552 15.856 16.909
5.0069 nan 17.391 12.750 15.739 16.997
5.0139 nan 17.385 12.943 15.618 17.082
5.0208 nan 17.375 13.132 15.494 17.163
5.0278 nan 17.362 13.317 15.365 17.240
5.0347 nan 17.347 13.498 15.233 17.315
5.0417 nan 17.328 13.674 15.097 17.385
5.0486 nan 17.305 13.847 14.957 17.452
5.0556 nan 17.280 14.015 14.812 17.516
5.0625 nan 17.251 14.179 14.664 17.576
5.0694 nan 17.219 14.339 14.512 17.634
5.0764 nan 17.184 14.495 14.356 17.687
5.0833 6.898 17.146 14.647 14.196 17.737
5.0903 7.143 17.105 14.796 14.031 17.784
5.0972 7.393 17.060 14.940 13.862 17.828
5.1042 7.646 17.012 15.080 13.689 17.868
5.1111 7.900 16.960 15.217 13.512 17.905
5.1181 8.155 16.906 15.350 13.331 17.939
5.1250 8.410 16.848 15.479 13.145 17.969
5.1319 8.663 16.787 15.604 12.954 17.996
5.1389 8.915 16.723 15.726 12.759 18.020
5.1458 9.164 16.655 15.844 12.560 18.041
5.1528 9.411 16.584 15.958 12.356 18.058
5.1597 9.654 16.510 16.069 12.148 18.072
5.1667 9.894 16.432 16.176 11.935 18.083
5.1736 10.131 16.351 16.279 11.717 18.091
5.1806 10.364 16.267 16.379 11.495 18.095
5.1875 10.593 16.179 16.475 11.269 18.096
5.1944 10.818 16.088 16.568 11.037 18.094
5.2014 11.039 15.994 16.657 10.801 18.088
5.2083 11.256 15.896 16.743 10.561 18.079
5.2153 11.468 15.794 16.826 10.316 18.067
5.2222 11.677 15.689 16.905 10.066 18.052
5.2292 11.881 15.581 16.980 9.812 18.033
5.2361 12.081 15.469 17.052 9.554 18.012
5.2431 12.277 15.354 17.121 9.292 17.987
5.2500 12.469 15.235 17.186 9.027 17.958
5.2569 12.657 15.112 17.248 8.758 17.927
5.2639 12.840 14.986 17.307 8.486 17.892
5.2708 13.020 14.856 17.362 8.211 17.853
5.2778 13.195 14.723 17.414 7.935 17.812
5.2847 13.366 14.586 17.463 7.658 17.767
5.2917 13.533 14.445 17.508 7.382 17.718
5.2986 13.696 14.300 17.550 nan 17.667
5.3056 13.855 14.152 17.589 nan 17.612
5.3125 14.010 14.000 17.624 nan 17.553
5.3194 14.161 13.844 17.656 nan 17.492
5.3264 14.308 13.685 17.685 nan 17.427
5.3333 14.452 13.521 17.711 nan 17.358
5.3403 14.591 13.354 17.733 nan 17.286
5.3472 14.727 13.183 17.752 nan 17.210
5.3542 14.859 13.008 17.768 nan 17.131
5.3611 14.987 12.829 17.781 nan 17.049
5.3681 15.111 12.646 17.790 nan 16.963
5.3750 15.232 12.459 17.796 nan 16.873
5.3819 15.349 12.268 17.799 nan 16.780
5.3889 15.462 12.074 17.798 nan 16.683
5.3958 15.572 11.875 17.794 nan 16.583
5.4028 15.678 11.673 17.787 nan 16.478
5.4097 15.780 11.466 17.777 nan 16.371
5.4167 15.879 11.256 17.764 nan 16.259
5.4236 15.975 11.043 17.747 nan 16.144
5.4306 16.067 10.825 17.727 nan 16.025
5.4375 16.155 10.604 17.704 nan 15.902
5.4444 16.240 10.379 17.677 nan 15.775
5.4514 16.321 10.151 17.647 nan 15.645
5.4583 16.400 9.920 17.614 nan 15.510
5.4653 16.474 9.685 17.577 nan 15.372
5.4722 16.545 9.448 17.537 nan 15.229
5.4792 16.613 9.209 17.494 nan 15.082
5.4861 16.678 nan 17.448 nan 14.932
5.4931 16.739 nan 17.398 nan 14.777
5.5000 16.797 nan 17.345 nan 14.618
5.5069 16.851 nan 17.288 nan 14.454
5.5139 16.903 nan 17.228 8.806 14.287
5.5208 16.951 nan 17.164 9.073 14.115
5.5278 16.995 nan 17.097 9.337 13.938
5.5347 17.036 nan 17.027 9.597 13.758
5.5417 17.075 nan 16.953 9.854 13.572
5.5486 17.109 nan 16.876 10.106 13.382
5.5556 17.141 nan 16.795 10.355 13.188
5.5625 17.169 nan 16.711 10.599 12.989
5.5694 17.194 nan 16.623 10.839 12.785
5.5764 17.216 nan 16.532 11.074 12.576
5.5833 17.235 nan 16.437 11.305 12.362
5.5903 17.251 nan 16.338 11.532 12.143
5.5972 17.263 nan 16.236 11.754 11.920
5.6042 17.272 nan 16.130 11.972 11.691
5.6111 17.278 nan 16.020 12.185 11.457
5.6181 17.280 nan 15.907 12.393 11.218
5.6250 17.280 nan 15.790 12.597 10.974
5.6319 17.276 nan 15.669 12.797 10.725
5.6389 17.269 nan 15.544 12.993 10.471
5.6458 17.259 nan 15.416 13.184 10.211
5.6528 17.246 nan 15.283 13.371 9.946
5.6597 17.230 nan 15.147 13.553 9.676
5.6667 17.210 nan 15.007 13.731 9.401
5.6736 17.187 nan 14.862 13.905 9.122
5.6806 17.161 nan 14.714 14.075 8.837
5.6875 17.132 nan 14.561 14.241 8.548
5.6944 17.099 nan 14.405 14.403 8.256
5.7014 17.063 nan 14.244 14.560 7.959
5.7083 17.025 7.025 14.079 14.714 7.660
5.7153 16.982 7.268 13.910 14.864 7.359
5.7222 16.937 7.516 13.737 15.010 7.058
5.7292 16.889 7.766 13.559 15.151 6.758
5.7361 16.837 8.017 13.377 15.289 6.460
5.7431 16.782 8.269 13.190 15.424 nan
5.7500 16.723 8.520 12.999 15.554 nan
5.7569 16.662 8.770 12.804 15.681 nan
5.7639 16.597 9.018 12.604 15.803 nan
5.7708 16.529 9.264 12.399 15.923 nan
5.7778 16.457 9.507 12.190 16.038 nan
5.7847 16.382 9.747 11.976 16.150 nan
5.7917 16.304 9.984 11.758 16.258 nan
5.7986 16.223 10.217 11.535 16.363 nan
5.8056 16.138 10.446 11.307 16.464 nan
5.8125 16.050 10.672 11.074 16.561 nan
5.8194 15.958 10.894 10.837 16.655 nan
5.8264 15.863 11.111 10.595 16.746 nan
5.8333 15.765 11.325 10.348 16.832 nan
5.8403 15.663 11.535 10.097 16.916 nan
5.8472 15.557 11.740 9.841 16.996 nan
5.8542 15.449 11.941 9.581 17.072 nan
5.8611 15.336 12.139 9.317 17.146 nan
5.8681 15.220 12.332 9.049 17.215 nan
5.8750 15.101 12.521 8.777 17.282 nan
5.8819 14.978 12.706 8.503 17.345 nan
5.8889 14.852 12.887 8.225 17.404 nan
5.8958 14.722 13.063 7.946 17.461 nan
5.9028 14.588 13.236 7.665 17.514 nan
5.9097 14.451 13.405 7.384 17.563 7.589
5.9167 14.310 13.569 nan 17.609 7.884
5.9236 14.165 13.730 nan 17.652 8.177
5.9306 14.017 13.887 nan 17.692 8.468
5.9375 13.864 14.039 nan 17.728 8.755
5.9444 13.709 14.188 nan 17.762 9.038
5.9514 13.549 14.333 nan 17.791 9.317
5.9583 13.386 14.474 nan 17.818 9.592
5.9653 13.218 14.612 nan 17.841 9.861
5.9722 13.048 14.745 nan 17.861 10.126
5.9792 12.873 14.875 nan 17.878 10.386
5.9861 12.694 15.001 nan 17.892 10.641
5.9931 12.512 15.124 nan 17.902 10.891
6.0000 12.326 15.242 nan 17.909 11.136
6.0069 12.136 15.357 nan 17.913 11.376
6.0139 11.942 15.469 nan 17.913 11.610
6.0208 11.744 15.576 nan 17.910 11.840
6.0278 11.542 15.681 nan 17.904 12.064
6.0347 11.337 15.781 nan 17.895 12.284
6.0417 11.129 15.878 nan 17.882 12.499
6.0486 10.916 15.972 nan 17.867 12.709
6.0556 10.700 16.062 nan 17.847 12.914
6.0625 10.481 16.149 nan 17.825 13.115
6.0694 10.259 16.232 nan 17.799 13.311
6.0764 10.033 16.312 nan 17.770 13.502
6.0833 9.804 16.388 nan 17.738 13.688
6.0903 9.573 16.461 nan 17.702 13.870
6.0972 9.340 16.530 nan 17.663 14.048
6.1042 nan 16.596 nan 17.621 14.221
6.1111 nan 16.659 nan 17.576 14.390
6.1181 nan 16.719 nan 17.527 14.555
6.1250 nan 16.775 8.548 17.474 14.715
6.1319 nan 16.828 8.821 17.419 14.871
6.1389 nan 16.877 9.091 17.359 15.023
6.1458 nan 16.923 9.357 17.297 15.171
6.1528 nan 16.966 9.620 17.231 15.315
6.1597 nan 17.006 9.878 17.161 15.455
6.1667 nan 17.042 10.133 17.089 15.590
6.1736 nan 17.076 10.383 17.012 15.722
6.1806 nan 17.106 10.629 16.932 15.850
6.1875 nan 17.132 10.871 16.849 15.974
6.1944 nan 17.156 11.108 16.762 16.095
6.2014 nan 17.176 11.340 16.671 16.211
6.2083 nan 17.193 11.568 16.577 16.324
6.2153 nan 17.207 11.791 16.479 16.433
6.2222 nan 17.217 12.010 16.378 16.538
6.2292 nan 17.225 12.224 16.273 16.640
6.2361 nan 17.229 12.434 16.164 16.738
6.2431 nan 17.230 12.639 16.051 16.832
6.2500 nan 17.228 12.840 15.935 16.923
6.2569 nan 17.222 13.036 15.815 17.010
6.2639 nan 17.214 13.228 15.691 17.094
6.2708 nan 17.202 13.416 15.563 17.174
6.2778 nan 17.187 13.599 15.431 17.250
6.2847 nan 17.169 13.778 15.296 17.323
6.2917 nan 17.147 13.953 15.156 17.393
6.2986 nan 17.123 14.123 15.012 17.459
6.3056 nan 17.095 14.290 14.864 17.522
6.3125 nan 17.064 14.452 14.713 17.582
6.3194 nan 17.030 14.611 14.557 17.638
6.3264 nan 16.993 14.765 14.397 17.691
6.3333 7.131 16.952 14.915 14.232 17.740
6.3403 7.368 16.908 15.061 14.063 17.786
6.3472 7.609 16.861 15.204 13.890 17.829
6.3542 7.853 16.811 15.342 13.713 17.868
6.3611 8.098 16.757 15.477 13.531 17.904
6.3681 8.343 16.700 15.608 13.345 17.937
6.3750 8.589 16.640 15.735 13.154 17.966
6.3819 8.833 16.577 15.858 12.959 17.992
6.3889 9.075 16.510 15.978 12.759 18.015
6.3958 9.316 16.440 16.094 12.554 18.035
6.4028 9.554 16.366 16.206 12.345 18.051
6.4097 9.789 16.290 16.314 12.131 18.064
6.4167 10.021 16.210 16.419 11.912 18.074
6.4236 10.249 16.126 16.521 11.688 18.081
6.4306 10.474 16.040 16.619 11.460 18.084
6.4375 10.696 15.950 16.713 11.226 18.084
6.4444 10.913 15.856 16.804 10.988 18.081
6.4514 11.127 15.759 16.891 10.745 18.074
6.4583 11.337 15.659 16.975 10.496 18.064
6.4653 11.543 15.555 17.055 10.244 18.051
6.4722 11.745 15.448 17.132 9.986 18.035
6.4792 11.943 15.337 17.206 9.724 18.016
6.4861 12.137 15.222 17.276 9.457 17.993
6.4931 12.327 15.105 17.343 9.186 17.967
6.5000 12.513 14.983 17.406 8.910 17.937
6.5069 12.695 14.858 17.466 8.631 17.905
6.5139 12.873 14.730 17.523 8.349 17.869
6.5208 13.047 14.598 17.576 8.064 17.830
6.5278 13.218 14.462 17.626 7.777 17.787
6.5347 13.384 14.323 17.673 7.489 17.741
6.5417 13.546 14.179 17.716 7.201 17.692
6.5486 13.704 14.033 17.756 nan 17.640
6.5556 13.859 13.882 17.793 nan 17.584
6.5625 14.009 13.728 17.826 nan 17.524
6.5694 14.156 13.570 17.857 nan 17.462
6.5764 14.299 13.409 17.884 nan 17.396
6.5833 14.438 13.243 17.907 nan 17.326
6.5903 14.573 13.074 17.928 nan 17.253
6.5972 14.705 12.901 17.945 nan 17.177
6.6042 14.833 12.724 17.959 nan 17.097
6.6111 14.957 12.543 17.970 nan 17.014
6.6181 15.077 12.359 17.977 nan 16.927
6.6250 15.194 12.171 17.981 nan 16.837
6.6319 15.308 11.979 17.982 nan 16.743
6.6389 15.417 11.783 17.980 nan 16.645
6.6458 15.524 11.584 17.974 nan 16.544
6.6528 15.626 11.381 17.965 nan 16.439
6.6597 15.725 11.174 17.953 nan 16.331
6.6667 15.821 10.964 17.938 nan 16.218
6.6736 15.913 10.750 17.919 nan 16.103
6.6806 16.002 10.532 17.897 nan 15.983
6.6875 16.087 10.312 17.872 nan 15.859
6.6944 16.169 10.089 17.843 nan 15.732
6.7014 16.247 9.862 17.812 nan 15.601
6.7083 16.322 9.633 17.776 nan 15.466
6.7153 16.393 9.402 17.738 nan 15.327
6.7222 16.462 nan 17.696 nan 15.184
6.7292 16.526 nan 17.651 nan 15.037
6.7361 16.588 nan 17.603 nan 14.886
6.7431 16.646 nan 17.551 nan 14.731
6.7500 16.701 nan 17.496 8.479 14.571
6.7569 16.753 nan 17.437 8.758 14.408
6.7639 16.801 nan 17.375 9.034 14.240
6.7708 16.846 nan 17.309 9.307 14.067
6.7778 16.888 nan 17.240 9.575 13.891
6.7847 16.926 nan 17.168 9.840 13.710
6.7917 16.961 nan 17.092 10.100 13.525
6.7986 16.993 nan 17.013 10.355 13.335
6.8056 17.022 nan 16.930 10.606 13.140
6.8125 17.048 nan 16.843 10.852 12.941
6.8194 17.070 nan 16.753 11.094 12.737
6.8264 17.089 nan 16.660 11.331 12.528
6.8333 17.105 nan 16.563 11.563 12.315
6.8403 17.118 nan 16.462 11.790 12.097
6.8472 17.127 nan 16.357 12.013 11.874
6.8542 17.133 nan 16.249 12.230 11.645
6.8611 17.136 nan 16.137 12.444 11.412
6.8681 17.136 nan 16.021 12.652 11.174
6.8750 17.133 nan 15.901 12.856 10.931
6.8819 17.127 nan 15.778 13.056 10.682
6.8889 17.117 nan 15.651 13.251 10.429
6.8958 17.104 nan 15.519 13.441 10.171
6.9028 17.088 nan 15.384 13.628 9.907
6.9097 17.069 nan 15.245 13.809 9.639
6.9167 17.046 nan 15.102 13.987 9.365
6.9236 17.020 nan 14.955 14.160 9.088
6.9306 16.992 nan 14.803 14.329 8.805
6.9375 16.959 nan 14.648 14.494 8.519
6.9444 16.924 nan 14.488 14.655 8.229
6.9514 16.886 7.068 14.324 14.811 7.936
6.9583 16.844 7.301 14.156 14.964 7.640
6.9653 16.799 7.538 13.983 15.112 7.343
6.9722 16.751 7.778 13.806 15.257 7.046
6.9792 16.699 8.020 13.625 15.398 6.751
6.9861 16.644 8.264 13.439 15.534 6.459
6.9931 16.586 8.507 13.248 15.667 nan
7.0000 16.525 8.750 13.053 15.796 nan
7.0069 16.461 8.991 12.853 15.922 nan
7.0139 16.393 9.231 12.649 16.043 nan
7.0208 16.322 9.468 12.440 16.161 nan
7.0278 16.247 9.702 12.226 16.275 nan
7.0347 16.169 9.934 12.007 16.385 nan
7.0417 16.088 10.162 11.783 16.492 nan
7.0486 16.004 10.387 11.555 16.596 nan
7.0556 15.916 10.609 11.321 16.695 nan
7.0625 15.825 10.827 11.083 16.791 nan
7.0694 15.730 11.041 10.839 16.884 nan
7.0764 15.632 11.251 10.590 16.973 nan
7.0833 15.530 11.458 10.337 17.058 nan
7.0903 15.425 11.661 10.078 17.140 nan
7.0972 15.317 11.859 9.815 17.219 nan
7.1042 15.205 12.054 9.547 17.294 nan
7.1111 15.090 12.245 9.275 17.366 nan
7.1181 14.971 12.432 8.998 17.434 nan
7.1250 14.848 12.615 8.717 17.499 nan
7.1319 14.722 12.794 8.432 17.560 nan
7.1389 14.592 12.969 8.144 17.619 nan
7.1458 14.459 13.140 7.854 17.673 nan
7.1528 14.322 13.307 7.562 17.725 nan
7.1597 14.182 13.470 7.270 17.773 nan
7.1667 14.038 13.629 nan 17.818 7.895
7.1736 13.890 13.785 nan 17.859 8.185
7.1806 13.738 13.937 nan 17.898 8.473
7.1875 13.583 14.084 nan 17.933 8.757
7.1944 13.424 14.228 nan 17.964 9.037
7.2014 13.262 14.369 nan 17.993 9.313
7.2083 13.095 14.505 nan 18.018 9.585
7.2153 12.925 14.638 nan 18.040 9.853
7.2222 12.751 14.767 nan 18.058 10.116
7.2292 12.574 14.892 nan 18.074 10.373
7.2361 12.392 15.014 nan 18.086 10.626
7.2431 12.207 15.132 nan 18.095 10.874
7.2500 12.018 15.247 nan 18.100 11.117
7.2569 11.826 15.358 nan 18.103 11.355
7.2639 11.630 15.465 nan 18.102 11.588
7.2708 11.430 15.569 nan 18.098 11.816
7.2778 11.227 15.669 nan 18.090 12.039
7.2847 11.020 15.766 nan 18.079 12.257
7.2917 10.809 15.859 nan 18.065 12.471
7.2986 10.596 15.949 nan 18.048 12.679
7.3056 10.379 16.035 nan 18.028 12.883
7.3125 10.159 16.118 nan 18.004 13.082
7.3194 9.936 16.198 nan 17.977 13.277
7.3264 9.711 16.274 nan 17.946 13.467
7.3333 9.484 16.347 nan 17.913 13.652
7.3403 9.254 16.416 nan 17.876 13.833
7.3472 nan 16.482 nan 17.835 14.010
7.3542 nan 16.545 nan 17.792 14.182
7.3611 nan 16.604 nan 17.745 14.349
7.3681 nan 16.661 8.428 17.694 14.513
7.3750 nan 16.713 8.712 17.640 14.672
7.3819 nan 16.763 8.992 17.583 14.827
7.3889 nan 16.809 9.268 17.523 14.978
7.3958 nan 16.852 9.540 17.459 15.124
7.4028 nan 16.892 9.808 17.391 15.267
7.4097 nan 16.928 10.071 17.320 15.406
7.4167 nan 16.961 10.330 17.246 15.540
7.4236 nan 16.991 10.584 17.168 15.671
7.4306 nan 17.018 10.833 17.087 15.798
7.4375 nan 17.042 11.077 17.002 15.921
7.4444 nan 17.062 11.316 16.913 16.040
7.4514 nan 17.079 11.551 16.821 16.156
7.4583 nan 17.093 11.781 16.725 16.267
7.4653 nan 17.103 12.005 16.626 16.375
7.4722 nan 17.111 12.226 16.523 16.479
7.4792 nan 17.115 12.441 16.416 16.580
7.4861 nan 17.116 12.652 16.306 16.677
7.4931 nan 17.114 12.858 16.191 16.770
7.5000 nan 17.109 13.059 16.073 16.859
7.5069 nan 17.100 13.256 15.951 16.946
7.5139 nan 17.088 13.448 15.825 17.028
7.5208 nan 17.073 13.636 15.696 17.107
7.5278 nan 17.055 13.819 15.562 17.183
7.5347 nan 17.034 13.998 15.424 17.254
7.5417 nan 17.009 14.173 15.283 17.323
7.5486 nan 16.981 14.344 15.137 17.388
7.5556 nan 16.950 14.510 14.987 17.450
7.5625 nan 16.916 14.672 14.833 17.508
7.5694 nan 16.879 14.830 14.675 17.563
7.5764 7.214 16.838 14.984 14.512 17.615
7.5833 7.443 16.794 15.134 14.346 17.663
7.5903 7.677 16.747 15.279 14.174 17.708
7.5972 7.914 16.696 15.421 13.999 17.749
7.6042 8.152 16.643 15.559 13.819 17.787
7.6111 8.391 16.586 15.693 13.634 17.822
7.6181 8.630 16.525 15.823 13.445 17.853
7.6250 8.869 16.462 15.950 13.251 17.882
7.6319 9.105 16.395 16.072 13.053 17.907
7.6389 9.341 16.325 16.191 12.850 17.928
7.6458 9.573 16.251 16.306 12.641 17.947
7.6528 9.803 16.174 16.418 12.429 17.962
7.6597 10.031 16.094 16.526 12.211 17.973
7.6667 10.255 16.011 16.630 11.988 17.982
7.6736 10.476 15.924 16.731 11.760 17.987
7.6806 10.694 15.833 16.828 11.527 17.989
7.6875 10.908 15.740 16.921 11.289 17.988
7.6944 11.118 15.642 17.011 11.046 17.984
7.7014 11.325 15.542 17.097 10.798 17.976
7.7083 11.528 15.438 17.180 10.544 17.965
7.7153 11.727 15.330 17.260 10.286 17.951
7.7222 11.922 15.219 17.336 10.022 17.933
7.7292 12.113 15.104 17.408 9.753 17.912
7.7361 12.301 14.986 17.477 9.480 17.888
7.7431 12.484 14.865 17.543 9.201 17.861
7.7500 12.664 14.739 17.606 8.918 17.830
7.7569 12.840 14.611 17.665 8.631 17.796
7.7639 13.012 14.478 17.720 8.339 17.759
7.7708 13.180 14.342 17.773 8.045 17.719
7.7778 13.344 14.202 17.822 7.748 17.675
7.7847 13.505 14.059 17.867 7.449 17.628
7.7917 13.662 13.912 17.910 nan 17.577
7.7986 13.814 13.761 17.949 nan 17.524
7.8056 13.963 13.607 17.985 nan 17.466
7.8125 14.109 13.448 18.017 nan 17.406
7.8194 14.250 13.287 18.047 nan 17.342
7.8264 14.388 13.121 18.073 nan 17.275
7.8333 14.522 12.951 18.095 nan 17.204
7.8403 14.653 12.778 18.115 nan 17.130
7.8472 14.780 12.601 18.131 nan 17.052
7.8542 14.903 12.421 18.144 nan 16.972
7.8611 15.022 12.236 18.154 nan 16.887
7.8681 15.138 12.048 18.160 nan 16.799
7.8750 15.251 11.856 18.163 nan 16.708
7.8819 15.360 11.660 18.163 nan 16.612
7.8889 15.465 11.461 18.160 nan 16.514
7.8958 15.567 11.258 18.153 nan 16.412
7.9028 15.665 11.051 18.144 nan 16.306
7.9097 15.760 10.842 18.131 nan 16.196
7.9167 15.851 10.628 18.114 nan 16.083
7.9236 15.939 10.412 18.095 nan 15.966
7.9306 16.024 10.192 18.072 nan 15.845
7.9375 16.105 9.970 18.045 nan 15.721
7.9444 16.183 9.745 18.016 nan 15.593
7.9514 16.257 9.517 17.983 nan 15.461
7.9583 16.329 9.287 17.947 nan 15.325
7.9653 16.396 9.056 17.908 nan 15.185
7.9722 16.461 nan 17.865 nan 15.041
7.9792 16.522 nan 17.819 nan 14.894
7.9861 16.580 nan 17.769 7.994 14.742
7.9931 16.634 nan 17.717 8.287 14.586
8.0000 16.685 nan 17.661 8.578 14.426
8.0069 16.733 nan 17.601 8.866 14.262
8.0139 16.778 nan 17.538 9.149 14.094
8.0208 16.819 nan 17.472 9.428 13.921
8.0278 16.857 nan 17.402 9.703 13.744
8.0347 16.892 nan 17.328 9.972 13.563
8.0417 16.924 nan 17.251 10.237 13.377
8.0486 16.952 nan 17.171 10.497 13.187
8.0556 16.978 nan 17.087 10.752 12.993
8.0625 17.000 nan 17.000 11.001 12.794
8.0694 17.018 nan 16.909 11.246 12.590
8.0764 17.034 nan 16.814 11.486 12.382
8.0833 17.046 nan 16.716 11.720 12.169
8.0903 17.056 nan 16.614 11.950 11.951
8.0972 17.061 nan 16.508 12.175 11.728
8.1042 17.064 nan 16.399 12.395 11.501
8.1111 17.064 nan 16.286 12.610 11.269
8.1181 17.060 nan 16.169 12.820 11.032
8.1250 17.053 nan 16.048 13.025 10.791
8.1319 17.043 nan 15.924 13.226 10.544
8.1389 17.030 nan 15.795 13.422 10.293
8.1458 17.014 nan 15.663 13.614 10.037
8.1528 16.994 nan 15.527 13.801 9.776
8.1597 16.971 nan 15.386 13.984 9.511
8.1667 16.945 nan 15.242 14.162 9.241
8.1736 16.916 nan 15.093 14.336 8.967
8.1806 16.884 nan 14.940 14.505 8.690
8.1875 16.848 nan 14.784 14.670 8.409
8.1944 16.809 nan 14.622 14.831 8.124
8.2014 16.767 7.406 14.457 14.988 7.838
8.2083 16.721 7.640 14.287 15.141 7.550
8.2153 16.672 7.876 14.113 15.290 7.262
8.2222 16.621 8.114 13.934 15.434 6.975
8.2292 16.565 8.353 13.751 15.575 6.691
8.2361 16.507 8.592 13.563 15.712 nan
8.2431 16.445 8.830 13.371 15.845 nan
8.2500 16.380 9.068 13.174 15.974 nan
8.2569 16.311 9.303 12.972 16.099 nan
8.2639 16.240 9.536 12.765 16.220 nan
8.2708 16.165 9.767 12.554 16.338 nan
8.2778 16.086 9.995 12.337 16.452 nan
8.2847 16.004 10.220 12.116 16.562 nan
8.2917 15.919 10.442 11.890 16.668 nan
8.2986 15.831 10.660 11.658 16.771 nan
8.3056 15.739 10.875 11.421 16.871 nan
8.3125 15.643 11.086 11.179 16.966 nan
8.3194 15.544 11.293 10.932 17.058 nan
8.3264 15.442 11.497 10.680 17.147 nan
8.3333 15.336 11.697 10.422 17.232 nan
8.3403 15.227 11.893 10.160 17.314 nan
8.3472 15.114 12.085 9.892 17.392 nan
8.3542 14.998 12.274 9.619 17.467 nan
8.3611 14.878 12.458 9.341 17.538 nan
8.3681 14.755 12.639 9.058 17.606 nan
8.3750 14.628 12.816 8.771 17.670 nan
8.3819 14.497 12.989 8.480 17.731 nan
8.3889 14.363 13.158 8.184 17.789 nan
8.3958 14.225 13.323 7.886 17.843 nan
8.4028 14.083 13.484 7.585 17.894 nan
8.4097 13.938 13.642 nan 17.942 nan
8.4167 13.789 13.796 nan 17.986 7.968
8.4236 13.636 13.946 nan 18.027 8.250
8.4306 13.480 14.092 nan 18.065 8.529
8.4375 13.320 14.235 nan 18.099 8.806
8.4444 13.156 14.373 nan 18.130 9.079
8.4514 12.988 14.508 nan 18.158 9.349
8.4583 12.817 14.640 nan 18.183 9.615
8.4653 12.642 14.768 nan 18.204 9.876
8.4722 12.463 14.892 nan 18.222 10.133
8.4792 12.280 15.012 nan 18.237 10.385
8.4861 12.094 15.129 nan 18.248 10.633
8.4931 11.904 15.243 nan 18.257 10.876
8.5000 11.710 15.353 nan 18.262 11.114
8.5069 11.512 15.459 nan 18.264 11.348
8.5139 11.311 15.562 nan 18.262 11.576
8.5208 11.107 15.661 nan 18.257 11.800
8.5278 10.898 15.757 nan 18.249 12.020
8.5347 10.687 15.850 nan 18.238 12.234
8.5417 10.472 15.939 nan 18.224 12.444
8.5486 10.254 16.024 nan 18.206 12.649
8.5556 10.034 16.107 nan 18.185 12.849
8.5625 9.810 16.185 nan 18.161 13.045
8.5694 9.584 16.261 nan 18.133 13.237
8.5764 9.356 16.333 nan 18.102 13.424
8.5833 9.126 16.402 nan 18.068 13.606
8.5903 nan 16.467 nan 18.030 13.784
8.5972 nan 16.529 nan 17.990 13.958
8.6042 nan 16.588 7.873 17.945 14.127
8.6111 nan 16.643 8.171 17.898 14.292
8.6181 nan 16.696 8.466 17.847 14.453
8.6250 nan 16.745 8.757 17.793 14.609
8.6319 nan 16.790 9.045 17.735 14.762
8.6389 nan 16.833 9.327 17.674 14.910
8.6458 nan 16.872 9.606 17.610 15.055
8.6528 nan 16.908 9.879 17.542 15.195
8.6597 nan 16.940 10.147 17.470 15.331
8.6667 nan 16.970 10.411 17.395 15.464
8.6736 nan 16.996 10.669 17.317 15.592
8.6806 nan 17.019 10.922 17.235 15.717
8.6875 nan 17.039 11.170 17.150 15.838
8.6944 nan 17.056 11.412 17.061 15.955
8.7014 nan 17.069 11.650 16.968 16.068
8.7083 nan 17.079 11.882 16.872 16.178
8.7153 nan 17.086 12.110 16.772 16.283
8.7222 nan 17.090 12.332 16.669 16.386
8.7292 nan 17.090 12.550 16.562 16.484
8.7361 nan 17.087 12.763 16.451 16.579
8.7431 nan 17.082 12.971 16.336 16.670
8.7500 nan 17.073 13.174 16.217 16.758
8.7569 nan 17.060 13.372 16.095 16.842
8.7639 nan 17.045 13.566 15.969 16.922
8.7708 nan 17.026 13.755 15.839 17.000
8.7778 nan 17.004 13.940 15.704 17.073
8.7847 nan 16.979 14.120 15.566 17.143
8.7917 nan 16.951 14.296 15.424 17.210
8.7986 nan 16.919 14.468 15.278 17.273
8.8056 nan 16.884 14.635 15.128 17.333
8.8125 nan 16.846 14.798 14.973 17.389
8.8194 7.333 16.805 14.956 14.814 17.442
8.8264 7.562 16.760 15.111 14.651 17.492
8.8333 7.796 16.712 15.261 14.484 17.538
8.8403 8.031 16.661 15.408 14.312 17.581
8.8472 8.269 16.607 15.550 14.136 17.620
8.8542 8.506 16.549 15.689 13.955 17.657
8.8611 8.743 16.488 15.823 13.770 17.690
8.8681 8.980 16.424 15.954 13.580 17.719
8.8750 9.215 16.356 16.080 13.385 17.745
8.8819 9.448 16.285 16.203 13.186 17.769
8.8889 9.678 16.211 16.322 12.982 17.788
8.8958 9.906 16.133 16.438 12.773 17.805
8.9028 10.131 16.052 16.549 12.559 17.818
8.9097 10.353 15.967 16.657 12.340 17.828
8.9167 10.572 15.879 16.762 12.116 17.834
8.9236 10.787 15.788 16.862 11.887 17.838
8.9306 10.999 15.693 16.959 11.653 17.838
8.9375 11.207 15.595 17.053 11.413 17.835
8.9444 11.412 15.493 17.143 11.168 17.828
8.9514 11.613 15.388 17.229 10.918 17.818
8.9583 11.810 15.279 17.312 10.663 17.806
8.9653 12.003 15.167 17.391 10.402 17.789
8.9722 12.193 15.051 17.467 10.136 17.770
8.9792 12.378 14.932 17.540 9.864 17.747
8.9861 12.560 14.809 17.609 9.587 17.721
8.9931 12.738 14.682 17.674 9.306 17.692
9.0000 12.912 14.552 17.737 9.019 17.659
9.0069 13.082 14.418 17.796 8.727 17.623
9.0139 13.249 14.280 17.851 8.431 17.584
9.0208 13.411 14.139 17.903 8.132 17.542
9.0278 13.570 13.994 17.952 7.828 17.496
9.0347 13.725 13.845 17.998 7.523 17.447
9.0417 13.877 13.692 18.040 nan 17.394
9.0486 14.024 13.536 18.079 nan 17.338
9.0556 14.168 13.376 18.114 nan 17.279
9.0625 14.308 13.212 18.146 nan 17.217
9.0694 14.445 13.044 18.175 nan 17.151
9.0764 14.578 12.873 18.201 nan 17.082
9.0833 14.707 12.698 18.224 nan 17.009
9.0903 14.832 12.518 18.243 nan 16.933
9.0972 14.955 12.335 18.259 nan 16.853
9.1042 15.073 12.149 18.272 nan 16.770
9.1111 15.188 11.958 18.281 nan 16.684
9.1181 15.299 11.764 18.287 nan 16.594
9.1250 15.407 11.565 18.290 nan 16.500
9.1319 15.511 11.364 18.290 nan 16.403
9.1389 15.612 11.158 18.286 nan 16.302
9.1458 15.710 10.949 18.280 nan 16.198
9.1528 15.804 10.736 18.269 nan 16.090
9.1597 15.894 10.520 18.256 nan 15.979
9.1667 15.981 10.301 18.240 nan 15.864
9.1736 16.065 10.078 18.220 nan 15.745
9.1806 16.145 9.853 18.197 nan 15.622
9.1875 16.222 9.625 18.170 nan 15.496
9.1944 16.296 9.395 18.141 nan 15.366
9.2014 16.366 9.162 18.108 nan 15.232
9.2083 16.433 8.929 18.071 nan 15.094
9.2153 16.497 nan 18.032 nan 14.952
9.2222 16.557 nan 17.989 nan 14.807
9.2292 16.615 nan 17.943 7.654 14.657
9.2361 16.668 nan 17.893 7.959 14.504
9.2431 16.719 nan 17.840 8.261 14.346
9.2500 16.766 nan 17.784 8.559 14.184
9.2569 16.810 nan 17.724 8.854 14.019
9.2639 16.851 nan 17.661 9.143 13.849
9.2708 16.889 nan 17.594 9.428 13.675
9.2778 16.923 nan 17.524 9.708 13.496
9.2847 16.954 nan 17.451 9.983 13.314
9.2917 16.982 nan 17.374 10.252 13.127
9.2986 17.006 nan 17.293 10.517 12.936
9.3056 17.028 nan 17.210 10.776 12.740
9.3125 17.046 nan 17.122 11.029 12.540
9.3194 17.061 nan 17.031 11.277 12.335
9.3264 17.073 nan 16.936 11.520 12.126
9.3333 17.081 nan 16.838 11.758 11.913
9.3403 17.087 nan 16.736 11.991 11.694
9.3472 17.089 nan 16.630 12.218 11.472
9.3542 17.088 nan 16.521 12.441 11.245
9.3611 17.084 nan 16.408 12.658 11.013
9.3681 17.077 nan 16.291 12.871 10.776
9.3750 17.066 nan 16.171 13.079 10.535
9.3819 17.052 nan 16.046 13.281 10.290
9.3889 17.035 nan 15.918 13.479 10.040
9.3958 17.015 nan 15.785 13.673 9.786
9.4028 16.991 nan 15.649 13.861 9.528
9.4097 16.965 nan 15.509 14.045 9.265
9.4167 16.935 nan 15.364 14.225 8.999
9.4236 16.902 nan 15.216 14.400 8.730
9.4306 16.865 nan 15.063 14.571 8.458
9.4375 16.826 nan 14.907 14.738 8.183
9.4444 16.783 7.522 14.746 14.900 7.907
9.4514 16.736 7.758 14.580 15.058 7.630
9.4583 16.687 7.996 14.411 15.212 7.353
9.4653 16.634 8.236 14.236 15.361 7.077
9.4722 16.578 8.477 14.058 15.507 6.806
9.4792 16.519 8.717 13.875 15.648 nan
9.4861 16.456 8.956 13.687 15.786 nan
9.4931 16.390 9.193 13.495 15.920 nan
9.5000 16.321 9.428 13.298 16.049 nan
9.5069 16.248 9.661 13.096 16.175 nan
9.5139 16.172 9.892 12.890 16.297 nan
9.5208 16.093 10.119 12.678 16.415 nan
9.5278 16.010 10.343 12.462 16.530 nan
9.5347 15.924 10.564 12.241 16.640 nan
9.5417 15.834 10.781 12.014 16.747 nan
9.5486 15.741 10.995 11.783 16.851 nan
9.5556 15.644 11.205 11.546 16.950 nan
9.5625 15.544 11.412 11.304 17.046 nan
9.5694 15.440 11.615 11.056 17.139 nan
9.5764 15.333 11.813 10.804 17.227 nan
9.5833 15.223 12.008 10.546 17.313 nan
9.5903 15.108 12.200 10.282 17.395 nan
9.5972 14.991 12.387 10.014 17.473 nan
9.6042 14.869 12.570 9.740 17.548 nan
9.6111 14.744 12.750 9.461 17.619 nan
9.6181 14.615 12.925 9.177 17.687 nan
9.6250 14.483 13.097 8.888 17.752 nan
9.6319 14.347 13.265 8.595 17.813 nan
9.6389 14.207 13.429 8.297 17.871 nan
9.6458 14.063 13.589 7.996 17.925 nan
9.6528 13.916 13.746 7.692 17.976 nan
9.6597 13.765 13.899 nan 18.024 nan
9.6667 13.610 14.048 nan 18.068 nan
9.6736 13.452 14.193 nan 18.109 8.428
9.6806 13.289 14.334 nan 18.147 8.697
9.6875 13.123 14.472 nan 18.182 8.964
9.6944 12.953 14.606 nan 18.213 9.227
9.7014 12.779 14.737 nan 18.241 9.487
9.7083 12.601 14.864 nan 18.265 9.744
9.7153 12.419 14.987 nan 18.286 9.996
9.7222 12.233 15.107 nan 18.305 10.245
9.7292 12.044 15.223 nan 18.319 10.489
9.7361 11.850 15.335 nan 18.331 10.729
9.7431 11.653 15.444 nan 18.339 10.964
9.7500 11.452 15.550 nan 18.344 11.195
9.7569 11.247 15.652 nan 18.346 11.421
9.7639 11.039 15.751 nan 18.345 11.643
9.7708 10.827 15.846 nan 18.340 11.861
9.7778 10.611 15.937 nan 18.332 12.073
9.7847 10.392 16.026 nan 18.320 12.282
9.7917 10.170 16.110 nan 18.306 12.485
9.7986 9.945 16.192 nan 18.288 12.685
9.8056 9.717 16.270 nan 18.267 12.880
9.8125 9.486 16.345 nan 18.243 13.070
9.8194 9.253 16.416 nan 18.215 13.256
9.8264 9.018 16.485 nan 18.184 13.438
9.8333 8.782 16.549 nan 18.150 13.615
9.8403 nan 16.611 nan 18.113 13.789
9.8472 nan 16.669 7.486 18.072 13.958
9.8542 nan 16.724 7.792 18.028 14.122
9.8611 nan 16.776 8.096 17.981 14.283
9.8681 nan 16.824 8.397 17.930 14.440
9.8750 nan 16.869 8.694 17.876 14.592
9.8819 nan 16.911 8.987 17.818 14.740
9.8889 nan 16.950 9.274 17.757 14.885
9.8958 nan 16.985 9.557 17.693 15.025
9.9028 nan 17.017 9.835 17.625 15.162
9.9097 nan 17.046 10.107 17.554 15.294
9.9167 nan 17.072 10.375 17.479 15.423
9.9236 nan 17.094 10.637 17.401 15.548
9.9306 nan 17.114 10.893 17.320 15.669
9.9375 nan 17.130 11.144 17.234 15.786
9.9444 nan 17.143 11.390 17.146 15.900
9.9514 nan 17.152 11.631 17.053 16.010
9.9583 nan 17.159 11.866 16.958 16.116
9.9653 nan 17.162 12.096 16.858 16.218
9.9722 nan 17.162 12.321 16.755 16.317
9.9792 nan 17.159 12.541 16.648 16.412
9.9861 nan 17.153 12.756 16.538 16.504
9.9931 nan 17.143 12.966 16.423 16.592
10.0000 nan 17.130 13.171 16.305 16.677
10.0069 nan 17.114 13.372 16.183 16.758
10.0139 nan 17.095 13.567 16.057 16.835
10.0208 nan 17.073 13.758 15.928 16.909
10.0278 nan 17.047 13.945 15.794 16.980
10.0347 nan 17.018 14.127 15.657 17.047
10.0417 nan 16.986 14.304 15.515 17.111
10.0486 nan 16.951 14.477 15.370 17.171
10.0556 nan 16.912 14.645 15.220 17.228
10.0625 7.425 16.870 14.810 15.066 17.281
10.0694 7.661 16.825 14.969 14.908 17.332
10.0764 7.900 16.776 15.125 14.746 17.378
10.0833 8.141 16.725 15.277 14.579 17.422
10.0903 8.382 16.670 15.424 14.408 17.462
10.0972 8.623 16.611 15.567 14.233 17.498
10.1042 8.864 16.549 15.707 14.053 17.532
10.1111 9.103 16.484 15.842 13.869 17.562
10.1181 9.340 16.416 15.973 13.680 17.589
10.1250 9.575 16.344 16.101 13.486 17.612
10.1319 9.807 16.269 16.224 13.288 17.632
10.1389 10.037 16.190 16.344 13.085 17.649
10.1458 10.263 16.108 16.460 12.877 17.663
10.1528 10.486 16.023 16.572 12.664 17.673
10.1597 10.705 15.934 16.681 12.446 17.680
10.1667 10.921 15.841 16.786 12.223 17.684
10.1736 11.134 15.746 16.887 11.995 17.684
10.1806 11.342 15.646 16.984 11.762 17.682
10.1875 11.547 15.543 17.078 11.524 17.676
10.1944 11.748 15.437 17.168 11.280 17.666
10.2014 11.945 15.327 17.255 11.031 17.654
10.2083 12.138 15.213 17.338 10.777 17.638
10.2153 12.327 15.096 17.418 10.518 17.619
10.2222 12.513 14.975 17.494 10.253 17.597
10.2292 12.694 14.850 17.567 9.982 17.571
10.2361 12.872 14.722 17.636 9.707 17.542
10.2431 13.046 14.590 17.702 9.426 17.510
10.2500 13.216 14.455 17.765 9.141 17.474
10.2569 13.382 14.315 17.824 8.850 17.435
10.2639 13.544 14.172 17.879 8.555 17.393
10.2708 13.702 14.025 17.932 8.256 17.348
10.2778 13.857 13.874 17.981 7.953 17.299
10.2847 14.008 13.719 18.026 nan 17.247
10.2917 14.155 13.561 18.068 nan 17.191
10.2986 14.298 13.398 18.107 nan 17.132
10.3056 14.438 13.232 18.143 nan 17.070
10.3125 14.574 13.061 18.176 nan 17.005
10.3194 14.706 12.887 18.205 nan 16.936
10.3264 14.835 12.709 18.230 nan 16.863
10.3333 14.960 12.527 18.253 nan 16.787
10.3403 15.082 12.341 18.272 nan 16.708
10.3472 15.200 12.150 18.288 nan 16.625
10.3542 15.314 11.956 18.301 nan 16.539
10.3611 15.425 11.758 18.310 nan 16.449
10.3681 15.532 11.556 18.317 nan 16.356
10.3750 15.636 11.350 18.320 nan 16.259
10.3819 15.736 11.140 18.319 nan 16.159
10.3889 15.833 10.927 18.316 nan 16.055
10.3958 15.927 10.709 18.309 nan 15.947
10.4028 16.017 10.488 18.299 nan 15.836
10.4097 16.103 10.264 18.286 nan 15.721
10.4167 16.187 10.036 18.269 nan 15.603
10.4236 16.267 9.805 18.249 nan 15.481
10.4306 16.343 9.571 18.226 nan 15.355
10.4375 16.417 9.335 18.200 nan 15.225
10.4444 16.486 9.096 18.171 nan 15.091
10.4514 16.553 8.855 18.138 nan 14.954
10.4583 16.616 8.613 18.101 nan 14.813
10.4653 16.676 nan 18.062 nan 14.668
10.4722 16.733 nan 18.019 7.228 14.519
10.4792 16.786 nan 17.973 7.539 14.366
10.4861 16.837 nan 17.924 7.847 14.209
10.4931 16.884 nan 17.871 8.153 14.048
10.5000 16.927 nan 17.815 8.454 13.883
10.5069 16.968 nan 17.755 8.752 13.714
10.5139 17.005 nan 17.692 9.045 13.540
10.5208 17.039 nan 17.626 9.334 13.363
10.5278 17.070 nan 17.556 9.617 13.181
10.5347 17.097 nan 17.483 9.894 12.995
10.5417 17.121 nan 17.406 10.167 12.805
10.5486 17.143 nan 17.326 10.434 12.611
10.5556 17.161 nan 17.242 10.696 12.412
10.5625 17.175 nan 17.155 10.952 12.209
10.5694 17.187 nan 17.065 11.203 12.001
10.5764 17.195 nan 16.970 11.448 11.789
10.5833 17.200 nan 16.872 11.688 11.573
10.5903 17.202 nan 16.771 11.923 11.352
10.5972 17.201 nan 16.666 12.153 11.127
10.6042 17.196 nan 16.557 12.377 10.897
10.6111 17.188 nan 16.444 12.596 10.663
10.6181 17.178 nan 16.328 12.811 10.425
10.6250 17.163 nan 16.208 13.020 10.183
10.6319 17.146 nan 16.084 13.225 9.936
10.6389 17.125 nan 15.956 13.424 9.686
10.6458 17.102 nan 15.825 13.619 9.432
10.6528 17.075 nan 15.689 13.809 9.174
10.6597 17.044 nan 15.550 13.995 8.913
10.6667 17.011 nan 15.406 14.176 8.649
10.6736 16.974 nan 15.259 14.353 8.384
10.6806 16.934 7.341 15.107 14.525 8.115
10.6875 16.891 7.583 14.951 14.692 7.847
10.6944 16.844 7.827 14.791 14.856 7.578
10.7014 16.794 8.074 14.627 15.015 7.310
10.7083 16.741 8.320 14.458 15.169 7.045
10.7153 16.685 8.567 14.285 15.320 nan
10.7222 16.625 8.812 14.108 15.466 nan
10.7292 16.562 9.056 13.926 15.609 nan
10.7361 16.495 9.298 13.740 15.747 nan
10.7431 16.425 9.537 13.549 15.882 nan
10.7500 16.352 9.774 13.354 16.012 nan
10.7569 16.275 10.008 13.153 16.139 nan
10.7639 16.195 10.238 12.949 16.261 nan
10.7708 16.112 10.465 12.739 16.380 nan
10.7778 16.025 10.688 12.524 16.495 nan
10.7847 15.934 10.908 12.305 16.606 nan
10.7917 15.841 11.123 12.080 16.714 nan
10.7986 15.743 11.335 11.851 16.817 nan
10.8056 15.642 11.543 11.616 16.918 nan
10.8125 15.538 11.747 11.376 17.014 nan
10.8194 15.429 11.947 11.131 17.107 nan
10.8264 15.318 12.143 10.881 17.196 nan
10.8333 15.202 12.336 10.625 17.282 nan
10.8403 15.083 12.524 10.364 17.364 nan
10.8472 14.961 12.708 10.098 17.443 nan
10.8542 14.834 12.888 9.827 17.518 nan
10.8611 14.704 13.064 9.551 17.589 nan
10.8681 14.570 13.237 9.270 17.658 nan
10.8750 14.433 13.405 8.984 17.722 nan
10.8819 14.291 13.570 8.694 17.784 nan
10.8889 14.146 13.730 8.400 17.842 nan
10.8958 13.997 13.887 8.102 17.896 nan
10.9028 13.844 14.040 nan 17.947 nan
10.9097 13.687 14.189 nan 17.995 nan
10.9167 13.527 14.335 nan 18.040 nan
10.9236 13.362 14.477 nan 18.081 8.736
10.9306 13.193 14.615 nan 18.119 8.995
10.9375 13.021 14.749 nan 18.153 9.252
10.9444 12.844 14.879 nan 18.185 9.505
10.9514 12.663 15.006 nan 18.213 9.756
10.9583 12.479 15.130 nan 18.237 10.003
10.9653 12.290 15.249 nan 18.259 10.246
10.9722 12.097 15.365 nan 18.277 10.485
10.9792 11.900 15.478 nan 18.292 10.720
10.9861 11.700 15.587 nan 18.303 10.951
10.9931 11.495 15.693 nan 18.311 11.178
11.0000 11.286 15.795 nan 18.317 11.400
11.0069 11.073 15.893 nan 18.318 11.618
11.0139 10.856 15.988 nan 18.317 11.832
11.0208 10.636 16.080 nan 18.312 12.041
11.0278 10.412 16.168 nan 18.304 12.246
11.0347 10.184 16.253 nan 18.293 12.447
11.0417 9.952 16.335 nan 18.278 12.644
11.0486 9.718 16.413 nan 18.261 12.836
11.0556 9.481 16.487 nan 18.240 13.024
11.0625 9.240 16.559 nan 18.215 13.208
11.0694 8.998 16.627 nan 18.188 13.387
11.0764 8.754 16.692 nan 18.157 13.562
11.0833 8.508 16.753 nan 18.123 13.734
11.0903 8.262 16.811 7.058 18.086 13.901
11.0972 nan 16.866 7.366 18.045 14.064
11.1042 nan 16.918 7.673 18.001 14.223
11.1111 nan 16.966 7.977 17.954 14.377
11.1181 nan 17.011 8.279 17.903 14.528
11.1250 nan 17.053 8.577 17.849 14.675
11.1319 nan 17.092 8.870 17.792 14.818
11.1389 nan 17.127 9.159 17.731 14.957
11.1458 nan 17.159 9.443 17.667 15.093
11.1528 nan 17.188 9.722 17.599 15.224
11.1597 nan 17.214 9.996 17.528 15.352
11.1667 nan 17.237 10.264 17.454 15.475
11.1736 nan 17.256 10.528 17.376 15.595
11.1806 nan 17.272 10.785 17.295 15.712
11.1875 nan 17.285 11.038 17.210 15.824
11.1944 nan 17.295 11.285 17.121 15.933
11.2014 nan 17.301 11.527 17.029 16.039
11.2083 nan 17.304 11.763 16.934 16.140
11.2153 nan 17.305 11.995 16.835 16.239
11.2222 nan 17.301 12.221 16.732 16.333
11.2292 nan 17.295 12.442 16.626 16.424
11.2361 nan 17.285 12.658 16.516 16.511
11.2431 nan 17.273 12.869 16.402 16.595
11.2500 nan 17.257 13.075 16.285 16.676
11.2569 nan 17.238 13.276 16.163 16.753
11.2639 nan 17.215 13.473 16.038 16.826
11.2708 nan 17.189 13.665 15.909 16.896
11.2778 nan 17.161 13.852 15.776 16.963
11.2847 nan 17.128 14.035 15.640 17.026
11.2917 nan 17.093 14.213 15.499 17.086
11.2986 nan 17.054 14.386 15.354 17.142
11.3056 7.434 17.012 14.555 15.206 17.195
11.3125 7.681 16.967 14.720 15.053 17.245
11.3194 7.929 16.919 14.881 14.896 17.291
11.3264 8.179 16.867 15.037 14.735 17.334
11.3333 8.428 16.812 15.189 14.569 17.374
11.3403 8.677 16.753 15.337 14.400 17.410
11.3472 8.925 16.691 15.481 14.226 17.443
11.3542 9.170 16.626 15.621 14.047 17.473
11.3611 9.413 16.558 15.757 13.864 17.499
11.3681 9.654 16.486 15.888 13.677 17.522
11.3750 9.891 16.410 16.016 13.485 17.542
11.3819 10.125 16.331 16.140 13.288 17.559
11.3889 10.355 16.249 16.260 13.087 17.572
11.3958 10.582 16.164 16.376 12.881 17.582
11.4028 10.805 16.074 16.489 12.671 17.589
11.4097 11.025 15.982 16.598 12.455 17.592
11.4167 11.240 15.886 16.703 12.234 17.592
11.4236 11.452 15.786 16.804 12.009 17.589
11.4306 11.659 15.683 16.902 11.779 17.582
11.4375 11.862 15.576 16.996 11.543 17.573
11.4444 12.062 15.465 17.086 11.302 17.560
11.4514 12.257 15.351 17.173 11.057 17.544
11.4583 12.448 15.233 17.256 10.806 17.524
11.4653 12.636 15.112 17.336 10.550 17.501
11.4722 12.819 14.986 17.412 10.289 17.475
11.4792 12.998 14.857 17.485 10.022 17.446
11.4861 13.174 14.725 17.554 9.751 17.413
11.4931 13.345 14.588 17.620 9.475 17.377
11.5000 13.512 14.448 17.683 9.194 17.338
11.5069 13.676 14.304 17.742 8.908 17.295
11.5139 13.835 14.155 17.797 8.618 17.249
11.5208 13.991 14.003 17.850 8.325 17.199
11.5278 14.143 13.847 17.898 nan 17.147
11.5347 14.291 13.687 17.944 nan 17.091
11.5417 14.435 13.523 17.986 nan 17.031
11.5486 14.576 13.355 18.025 nan 16.968
11.5556 14.713 13.183 18.061 nan 16.902
11.5625 14.846 13.007 18.093 nan 16.832
11.5694 14.975 12.827 18.122 nan 16.759
11.5764 15.101 12.643 18.147 nan 16.683
11.5833 15.223 12.454 18.170 nan 16.603
11.5903 15.342 12.261 18.189 nan 16.519
11.5972 15.457 12.065 18.205 nan 16.432
11.6042 15.568 11.864 18.217 nan 16.342
11.6111 15.676 11.659 18.227 nan 16.248
11.6181 15.780 11.449 18.233 nan 16.150
11.6250 15.881 11.236 18.235 nan 16.049
11.6319 15.979 11.018 18.235 nan 15.944
11.6389 16.073 10.797 18.231 nan 15.836
11.6458 16.163 10.571 18.224 nan 15.724
11.6528 16.250 10.342 18.214 nan 15.608
11.6597 16.334 10.109 18.200 nan 15.488
11.6667 16.414 9.872 18.184 nan 15.365
11.6736 16.491 9.632 18.164 nan 15.238
11.6806 16.565 9.388 18.140 nan 15.107
11.6875 16.635 9.142 18.114 nan 14.973
11.6944 16.702 8.893 18.084 nan 14.834
11.7014 16.765 8.643 18.051 nan 14.692
11.7083 16.826 8.391 18.014 nan 14.546
11.7153 16.883 8.138 17.975 6.819 14.395
11.7222 16.937 nan 17.932 7.125 14.241
11.7292 16.987 nan 17.886 7.431 14.083
11.7361 17.034 nan 17.836 7.736 13.921
11.7431 17.078 nan 17.783 8.039 13.754
11.7500 17.119 nan 17.727 8.338 13.584
11.7569 17.156 nan 17.667 8.634 13.409
11.7639 17.191 nan 17.604 8.926 13.231
11.7708 17.222 nan 17.538 9.213 13.048
11.7778 17.250 nan 17.468 9.495 12.860
11.7847 17.274 nan 17.394 9.772 12.669
11.7917 17.296 nan 17.318 10.044 12.473
11.7986 17.314 nan 17.238 10.310 12.273
11.8056 17.329 nan 17.154 10.571 12.069
11.8125 17.341 nan 17.067 10.827 11.860
11.8194 17.350 nan 16.976 11.078 11.647
11.8264 17.355 nan 16.882 11.323 11.429
11.8333 17.357 nan 16.784 11.563 11.207
11.8403 17.356 nan 16.683 11.798 10.981
11.8472 17.352 nan 16.578 12.027 10.750
11.8542 17.345 nan 16.469 12.252 10.515
11.8611 17.334 nan 16.357 12.471 10.276
11.8681 17.320 nan 16.241 12.686 10.033
11.8750 17.303 nan 16.121 12.895 9.786
11.8819 17.283 nan 15.998 13.100 9.535
11.8889 17.260 nan 15.871 13.299 9.281
11.8958 17.233 nan 15.739 13.494 9.023
11.9028 17.203 nan 15.604 13.685 8.762
11.9097 17.170 nan 15.465 13.870 8.499
11.9167 17.134 nan 15.323 14.052 8.235
11.9236 17.094 7.292 15.176 14.228 7.968
11.9306 17.051 7.545 15.025 14.400 7.702
11.9375 17.005 7.800 14.870 14.568 7.436
11.9444 16.955 8.056 14.711 14.731 7.172
11.9514 16.902 8.312 14.547 14.890 6.912
11.9583 16.846 8.567 14.380 15.045 nan
11.9653 16.787 8.820 14.208 15.196 nan
11.9722 16.724 9.072 14.032 15.342 nan
11.9792 16.658 9.321 13.852 15.485 nan
11.9861 16.588 9.567 13.667 15.623 nan
11.9931 16.515 9.810 13.477 15.757 nan
12.0000 16.439 10.049 13.284 15.888 nan
12.0069 16.359 10.285 13.085 16.014 nan
12.0139 16.276 10.517 12.882 16.137 nan
12.0208 16.189 10.745 12.674 16.255 nan
12.0278 16.099 10.969 12.462 16.370 nan
12.0347 16.005 11.189 12.245 16.481 nan
12.0417 15.908 11.405 12.023 16.589 nan
12.0486 15.807 11.617 11.796 16.692 nan
12.0556 15.703 11.824 11.564 16.792 nan
12.0625 15.595 12.028 11.327 16.888 nan
12.0694 15.483 12.227 11.085 16.981 nan
12.0764 15.368 12.422 10.839 17.070 nan
12.0833 15.249 12.613 10.587 17.155 nan
12.0903 15.126 12.800 10.331 17.237 nan
12.0972 15.000 12.983 10.069 17.316 nan
12.1042 14.870 13.162 9.803 17.391 nan
12.1111 14.736 13.336 9.532 17.462 nan
12.1181 14.598 13.507 9.257 17.530 nan
12.1250 14.456 13.674 8.977 17.594 nan
12.1319 14.311 13.836 8.693 17.655 nan
12.1389 14.161 13.995 nan 17.713 nan
12.1458 14.008 14.150 nan 17.767 nan
12.1528 13.851 14.301 nan 17.818 nan
12.1597 13.689 14.448 nan 17.865 nan
12.1667 13.524 14.591 nan 17.909 nan
12.1736 13.355 14.731 nan 17.950 9.139
12.1806 13.181 14.866 nan 17.988 9.391
12.1875 13.003 14.998 nan 18.022 9.641
12.1944 12.822 15.127 nan 18.053 9.888
12.2014 12.636 15.251 nan 18.080 10.130
12.2083 12.445 15.372 nan 18.104 10.370
12.2153 12.251 15.490 nan 18.125 10.605
12.2222 12.052 15.603 nan 18.143 10.837
12.2292 11.850 15.714 nan 18.157 11.064
12.2361 11.643 15.820 nan 18.168 11.288
12.2431 11.431 15.923 nan 18.176 11.507
12.2500 11.216 16.023 nan 18.181 11.721
12.2569 10.996 16.119 nan 18.182 11.932
12.2639 10.772 16.211 nan 18.180 12.138
12.2708 10.545 16.301 nan 18.175 12.341
12.2778 10.313 16.386 nan 18.166 12.539
12.2847 10.077 16.469 nan 18.154 12.732
12.2917 9.838 16.548 nan 18.139 12.922
12.2986 9.595 16.623 nan 18.121 13.107
12.3056 9.349 16.695 nan 18.100 13.288
12.3125 9.100 16.764 nan 18.075 13.465
12.3194 8.848 16.830 nan 18.047 13.638
12.3264 8.595 16.892 nan 18.015 13.807
12.3333 8.340 16.951 6.712 17.981 13.972
12.3403 8.084 17.007 7.009 17.943 14.133
12.3472 nan 17.059 7.309 17.902 14.290
12.3542 nan 17.108 7.608 17.857 14.443
12.3611 nan 17.154 7.906 17.809 14.592
12.3681 nan 17.197 8.202 17.758 14.737
12.3750 nan 17.236 8.494 17.704 14.878
12.3819 nan 17.272 8.783 17.646 15.015
12.3889 nan 17.305 9.068 17.584 15.149
12.3958 nan 17.335 9.348 17.520 15.278
12.4028 nan 17.361 9.623 17.452 15.404
12.4097 nan 17.384 9.894 17.380 15.527
12.4167 nan 17.404 10.159 17.306 15.645
12.4236 nan 17.421 10.420 17.227 15.760
12.4306 nan 17.435 10.675 17.146 15.871
12.4375 nan 17.445 10.925 17.060 15.979
12.4444 nan 17.452 11.170 16.972 16.083
12.4514 nan 17.456 11.410 16.879 16.184
12.4583 nan 17.457 11.644 16.784 16.280
12.4653 nan 17.455 11.874 16.684 16.374
12.4722 nan 17.449 12.099 16.581 16.464
12.4792 nan 17.440 12.318 16.475 16.550
12.4861 nan 17.428 12.533 16.365 16.633
12.4931 nan 17.413 12.742 16.251 16.712
12.5000 nan 17.395 12.947 16.133 16.788
12.5069 nan 17.373 13.147 16.012 16.860
12.5139 nan 17.348 13.342 15.887 16.929
12.5208 nan 17.320 13.533 15.758 16.995
12.5278 nan 17.289 13.719 15.625 17.057
12.5347 nan 17.254 13.901 15.488 17.116
12.5417 nan 17.216 14.078 15.348 17.172
12.5486 7.335 17.175 14.251 15.203 17.224
12.5556 7.592 17.131 14.419 15.055 17.273
12.5625 7.850 17.083 14.583 14.903 17.318
12.5694 8.109 17.032 14.742 14.746 17.360
12.5764 8.368 16.978 14.898 14.585 17.399
12.5833 8.625 16.920 15.049 14.421 17.435
12.5903 8.881 16.859 15.196 14.252 17.467
12.5972 9.134 16.795 15.339 14.078 17.496
12.6042 9.384 16.727 15.478 13.901 17.522
12.6111 9.632 16.656 15.613 13.719 17.544
12.6181 9.876 16.581 15.744 13.533 17.563
12.6250 10.116 16.503 15.871 13.342 17.579
12.6319 10.352 16.422 15.994 13.147 17.591
12.6389 10.585 16.337 16.113 12.947 17.601
12.6458 10.813 16.249 16.229 12.743 17.607
12.6528 11.038 16.157 16.341 12.534 17.609
12.6597 11.258 16.062 16.448 12.320 17.609
12.6667 11.474 15.963 16.553 12.102 17.605
12.6736 11.686 15.860 16.653 11.879 17.598
12.6806 11.894 15.754 16.750 11.651 17.587
12.6875 12.097 15.645 16.843 11.418 17.573
12.6944 12.296 15.531 16.933 11.181 17.556
12.7014 12.491 15.414 17.019 10.938 17.536
12.7083 12.682 15.294 17.101 10.691 17.513
12.7153 12.868 15.169 17.180 10.439 17.486
12.7222 13.051 15.041 17.256 10.183 17.456
12.7292 13.229 14.909 17.328 9.921 17.422
12.7361 13.404 14.773 17.396 9.655 17.385
12.7431 13.574 14.633 17.461 9.385 17.345
12.7500 13.740 14.490 17.523 9.111 17.302
12.7569 13.902 14.342 17.581 8.832 17.255
12.7639 14.060 14.191 17.635 nan 17.204
12.7708 14.214 14.036 17.687 nan 17.151
12.7778 14.365 13.876 17.735 nan 17.094
12.7847 14.511 13.713 17.779 nan 17.033
12.7917 14.654 13.545 17.821 nan 16.970
12.7986 14.793 13.373 17.859 nan 16.902
12.8056 14.928 13.197 17.893 nan 16.832
12.8125 15.059 13.017 17.924 nan 16.758
12.8194 15.187 12.833 17.952 nan 16.680
12.8264 15.311 12.644 17.977 nan 16.599
12.8333 15.431 12.452 17.998 nan 16.514
12.8403 15.547 12.254 18.017 nan 16.426
12.8472 15.660 12.053 18.031 nan 16.334
12.8542 15.770 11.847 18.043 nan 16.239
12.8611 15.876 11.637 18.051 nan 16.140
12.8681 15.978 11.423 18.056 nan 16.037
12.8750 16.077 11.204 18.058 nan 15.931
12.8819 16.172 10.981 18.056 nan 15.821
12.8889 16.264 10.754 18.052 nan 15.708
12.8958 16.352 10.523 18.044 nan 15.591
12.9028 16.437 10.287 18.032 nan 15.470
12.9097 16.519 10.047 18.018 nan 15.345
12.9167 16.597 9.804 18.000 nan 15.216
12.9236 16.672 9.557 17.979 nan 15.083
12.9306 16.743 9.306 17.954 nan 14.947
12.9375 16.811 9.053 17.927 nan 14.807
12.9444 16.876 8.797 17.896 nan 14.662
12.9514 16.937 8.538 17.862 nan 14.514
12.9583 16.995 8.278 17.824 nan 14.362
12.9653 17.050 8.017 17.784 6.843 14.205
12.9722 17.102 nan 17.740 7.137 14.045
12.9792 17.150 nan 17.692 7.432 13.881
12.9861 17.195 nan 17.641 7.727 13.712
12.9931 17.237 nan 17.587 8.020 13.539
13.0000 17.275 nan 17.530 8.311 13.362
13.0069 17.311 nan 17.469 8.599 13.180
13.0139 17.343 nan 17.405 8.883 12.995
13.0208 17.372 nan 17.338 9.163 12.805
13.0278 17.397 nan 17.267 9.439 12.610
13.0347 17.420 nan 17.193 9.710 12.411
13.0417 17.439 nan 17.115 9.976 12.208
13.0486 17.455 nan 17.034 10.238 12.000
13.0556 17.468 nan 16.949 10.494 11.788
13.0625 17.477 nan 16.861 10.746 11.571
13.0694 17.484 nan 16.770 10.992 11.350
13.0764 17.487 nan 16.675 11.233 11.125
13.0833 17.487 nan 16.576 11.469 10.894
13.0903 17.484 nan 16.474 11.700 10.660
13.0972 17.478 nan 16.368 11.926 10.420
13.1042 17.468 nan 16.258 12.148 10.177
13.1111 17.455 nan 16.145 12.364 9.929
13.1181 17.439 nan 16.028 12.575 9.678
13.1250 17.420 nan 15.908 12.782 9.422
13.1319 17.398 nan 15.783 12.984 9.163
13.1389 17.372 nan 15.655 13.181 8.901
13.1458 17.343 nan 15.524 13.374 8.635
13.1528 17.311 nan 15.388 13.561 8.367
13.1597 17.276 nan 15.249 13.745 8.097
13.1667 17.237 7.134 15.105 13.924 7.826
13.1736 17.196 7.394 14.958 14.098 7.554
13.1806 17.150 7.657 14.806 14.268 7.284
13.1875 17.102 7.921 14.651 14.434 7.016
13.1944 17.050 8.185 14.492 14.595 6.753
13.2014 16.995 8.449 14.328 14.752 nan
13.2083 16.937 8.710 14.161 14.905 nan
13.2153 16.875 8.969 13.989 15.054 nan
13.2222 16.810 9.225 13.813 15.199 nan
13.2292 16.742 9.478 13.633 15.340 nan
13.2361 16.670 9.728 13.448 15.476 nan
13.2431 16.595 9.974 13.259 15.609 nan
13.2500 16.517 10.216 13.066 15.738 nan
13.2569 16.435 10.454 12.868 15.862 nan
13.2639 16.349 10.688 12.666 15.983 nan
13.2708 16.260 10.917 12.459 16.100 nan
13.2778 16.168 11.143 12.248 16.214 nan
13.2847 16.072 11.364 12.032 16.323 nan
13.2917 15.973 11.581 11.812 16.429 nan
13.2986 15.870 11.793 11.587 16.531 nan
13.3056 15.763 12.001 11.357 16.630 nan
13.3125 15.653 12.205 11.123 16.724 nan
13.3194 15.539 12.404 10.884 16.816 nan
13.3264 15.421 12.599 10.640 16.903 nan
13.3333 15.300 12.790 10.392 16.987 nan
13.3403 15.175 12.976 10.140 17.067 nan
13.3472 15.046 13.159 9.883 17.144 nan
13.3542 14.914 13.337 9.622 17.218 nan
13.3611 14.778 13.511 9.357 17.288 nan
13.3681 14.637 13.681 9.088 17.354 nan
13.3750 14.493 13.847 nan 17.417 nan
13.3819 14.345 14.008 nan 17.477 nan
13.3889 14.193 14.166 nan 17.533 nan
13.3958 14.037 14.320 nan 17.586 nan
13.4028 13.877 14.470 nan 17.635 nan
13.4097 13.713 14.615 nan 17.681 nan
13.4167 13.545 14.758 nan 17.723 9.312
13.4236 13.373 14.896 nan 17.763 9.566
13.4306 13.197 15.030 nan 17.799 9.817
13.4375 13.016 15.161 nan 17.831 10.064
13.4444 12.831 15.287 nan 17.861 10.307
13.4514 12.642 15.411 nan 17.887 10.546
13.4583 12.449 15.530 nan 17.909 10.781
13.4653 12.251 15.646 nan 17.929 11.012
13.4722 12.050 15.758 nan 17.945 11.239
13.4792 11.843 15.867 nan 17.958 11.462
13.4861 11.633 15.972 nan 17.967 11.681
13.4931 11.418 16.073 nan 17.973 11.895
13.5000 11.199 16.171 nan 17.976 12.104
13.5069 10.975 16.265 nan 17.976 12.310
13.5139 10.747 16.356 nan 17.972 12.511
13.5208 10.515 16.444 nan 17.966 12.708
13.5278 10.279 16.528 nan 17.956 12.901
13.5347 10.039 16.608 nan 17.942 13.089
13.5417 9.795 16.685 nan 17.926 13.274
13.5486 9.547 16.759 nan 17.906 13.454
13.5556 9.296 16.829 nan 17.882 13.630
13.5625 9.042 16.896 nan 17.856 13.802
13.5694 8.785 16.960 nan 17.826 13.970
13.5764 8.526 17.021 nan 17.793 14.134
13.5833 8.265 17.078 6.832 17.757 14.293
13.5903 8.003 17.131 7.116 17.717 14.449
13.5972 7.741 17.182 7.402 17.675 14.601
13.6042 nan 17.229 7.689 17.628 14.749
13.6111 nan 17.273 7.975 17.579 14.893
13.6181 nan 17.314 8.259 17.526 15.033
13.6250 nan 17.351 8.541 17.470 15.170
13.6319 nan 17.385 8.820 17.410 15.302
13.6389 nan 17.416 9.095 17.347 15.431
13.6458 nan 17.444 9.366 17.281 15.556
13.6528 nan 17.469 9.633 17.211 15.678
13.6597 nan 17.490 9.895 17.138 15.796
13.6667 nan 17.508 10.153 17.062 15.910
13.6736 nan 17.523 10.406 16.982 16.020
13.6806 nan 17.535 10.655 16.898 16.127
13.6875 nan 17.543 10.898 16.812 16.230
13.6944 nan 17.549 11.137 16.721 16.330
13.7014 nan 17.551 11.371 16.627 16.426
13.7083 nan 17.550 11.600 16.530 16.519
13.7153 nan 17.545 11.824 16.429 16.608
13.7222 nan 17.538 12.044 16.324 16.693
13.7292 nan 17.527 12.258 16.216 16.775
13.7361 nan 17.513 12.468 16.104 16.854
13.7431 nan 17.496 12.674 15.989 16.930
13.7500 nan 17.476 12.874 15.870 17.001
13.7569 nan 17.452 13.070 15.747 17.070
13.7639 nan 17.426 13.261 15.620 17.135
13.7708 nan 17.396 13.448 15.490 17.197
13.7778 nan 17.362 13.630 15.355 17.255
13.7847 nan 17.326 13.808 15.218 17.310
13.7917 7.142 17.286 13.982 15.075 17.362
13.7986 7.404 17.243 14.151 14.930 17.410
13.8056 7.667 17.197 14.316 14.780 17.455
13.8125 7.932 17.148 14.477 14.626 17.497
13.8194 8.197 17.095 14.633 14.468 17.535
13.8264 8.461 17.039 14.785 14.307 17.570
13.8333 8.722 16.979 14.934 14.141 17.602
13.8403 8.982 16.916 15.078 13.971 17.631
13.8472 9.238 16.850 15.218 13.797 17.656
13.8542 9.492 16.781 15.354 13.618 17.678
13.8611 9.741 16.708 15.486 13.436 17.696
13.8681 9.987 16.632 15.615 13.249 17.712
13.8750 10.229 16.552 15.739 13.057 17.724
13.8819 10.467 16.469 15.860 12.862 17.733
13.8889 10.701 16.382 15.976 12.662 17.739
13.8958 10.931 16.292 16.089 12.457 17.741
13.9028 11.156 16.199 16.198 12.249 17.740
13.9097 11.377 16.102 16.304 12.035 17.736
13.9167 11.593 16.001 16.406 11.817 17.728
13.9236 11.806 15.897 16.504 11.595 17.718
13.9306 12.013 15.789 16.598 11.368 17.703
13.9375 12.217 15.678 16.689 11.137 17.686
13.9444 12.416 15.563 16.777 10.901 17.666
13.9514 12.611 15.444 16.860 10.661 17.642
13.9583 12.801 15.322 16.940 10.416 17.614
13.9653 12.987 15.196 17.017 10.167 17.584
13.9722 13.169 15.066 17.090 9.914 17.550
13.9792 13.347 14.932 17.160 9.656 17.513
13.9861 13.521 14.795 17.226 9.395 17.472
13.9931 13.690 14.653 17.289 9.130 17.429
14.0000 13.856 14.508 17.348 nan 17.381
14.0069 14.017 14.359 17.404 nan 17.331
14.0139 14.174 14.206 17.457 nan 17.277
14.0208 14.327 14.049 17.506 nan 17.219
14.0278 14.477 13.887 17.552 nan 17.159
14.0347 14.622 13.722 17.594 nan 17.094
14.0417 14.764 13.553 17.633 nan 17.027
14.0486 14.901 13.379 17.669 nan 16.955
14.0556 15.035 13.202 17.701 nan 16.881
14.0625 15.165 13.020 17.730 nan 16.803
14.0694 15.291 12.834 17.756 nan 16.721
14.0764 15.414 12.643 17.779 nan 16.636
14.0833 15.533 12.449 17.798 nan 16.547
14.0903 15.648 12.250 17.814 nan 16.455
14.0972 15.760 12.046 17.826 nan 16.359
14.1042 15.868 11.839 17.836 nan 16.259
14.1111 15.972 11.627 17.842 nan 16.156
14.1181 16.073 11.411 17.845 nan 16.049
14.1250 16.170 11.190 17.844 nan 15.938
14.1319 16.264 10.965 17.840 nan 15.824
14.1389 16.354 10.735 17.833 nan 15.705
14.1458 16.441 10.502 17.823 nan 15.583
14.1528 16.524 10.264 17.809 nan 15.457
14.1597 16.604 10.022 17.792 nan 15.327
14.1667 16.680 9.776 17.772 nan 15.194
14.1736 16.754 9.527 17.749 nan 15.056
14.1806 16.823 9.274 17.722 nan 14.914
14.1875 16.890 9.018 17.692 nan 14.769
14.1944 16.953 8.759 17.659 nan 14.619
14.2014 17.012 8.497 17.623 nan 14.465
14.2083 17.069 8.234 17.583 nan 14.307
14.2153 17.122 7.970 17.540 7.047 14.145
14.2222 17.172 nan 17.493 7.327 13.979
14.2292 17.218 nan 17.443 7.609 13.808
14.2361 17.261 nan 17.390 7.890 13.633
14.2431 17.301 nan 17.334 8.171 13.454
14.2500 17.338 nan 17.274 8.450 13.270
14.2569 17.372 nan 17.211 8.725 13.082
14.2639 17.402 nan 17.144 8.998 12.889
14.2708 17.429 nan 17.074 9.267 12.692
14.2778 17.453 nan 17.001 9.533 12.490
14.2847 17.474 nan 16.924 9.794 12.283
14.2917 17.491 nan 16.844 10.050 12.072
14.2986 17.505 nan 16.760 10.303 11.857
14.3056 17.516 nan 16.673 10.550 11.636
14.3125 17.524 nan 16.583 10.793 11.411
14.3194 17.529 nan 16.489 11.032 11.181
14.3264 17.530 nan 16.391 11.265 10.946
14.3333 17.528 nan 16.290 11.494 10.707
14.3403 17.523 nan 16.185 11.718 10.463
14.3472 17.515 nan 16.077 11.937 10.214
14.3542 17.504 nan 15.965 12.152 9.960
14.3611 17.489 nan 15.849 12.362 9.702
14.3681 17.472 nan 15.730 12.567 9.440
14.3750 17.451 nan 15.606 12.768 9.173
14.3819 17.426 nan 15.480 12.964 8.903
14.3889 17.399 nan 15.349 13.156 8.629
14.3958 17.368 nan 15.215 13.343 8.352
14.4028 17.335 nan 15.077 13.526 8.073
14.4097 17.298 nan 14.935 13.704 7.791
14.4167 17.257 7.172 14.789 13.878 7.509
14.4236 17.214 7.436 14.639 14.048 7.227
14.4306 17.167 7.703 14.486 14.214 6.947
14.4375 17.117 7.970 14.328 14.375 6.670
14.4444 17.064 8.236 14.166 14.532 nan
14.4514 17.007 8.502 14.000 14.685 nan
14.4583 16.947 8.765 13.831 14.834 nan
14.4653 16.884 9.026 13.657 14.979 nan
14.4722 16.817 9.283 13.479 15.120 nan
14.4792 16.747 9.537 13.296 15.256 nan
14.4861 16.674 9.788 13.110 15.389 nan
14.4931 16.597 10.034 12.919 15.518 nan
14.5000 16.517 10.277 12.724 15.643 nan
14.5069 16.433 10.515 12.525 15.765 nan
14.5139 16.346 10.750 12.321 15.882 nan
14.5208 16.256 10.979 12.113 15.996 nan
14.5278 16.162 11.205 11.901 16.106 nan
14.5347 16.065 11.426 11.684 16.212 nan
14.5417 15.964 11.642 11.463 16.315 nan
14.5486 15.859 11.854 11.237 16.413 nan
14.5556 15.751 12.062 11.008 16.509 nan
14.5625 15.639 12.265 10.774 16.600 nan
14.5694 15.524 12.464 10.535 16.688 nan
14.5764 15.405 12.659 10.293 16.773 nan
14.5833 15.283 12.849 10.046 16.854 nan
14.5903 15.156 13.035 9.796 16.931 nan
14.5972 15.026 13.216 9.542 17.005 nan
14.6042 14.892 13.394 9.284 17.076 nan
14.6111 14.755 13.567 nan 17.143 nan
14.6181 14.613 13.736 nan 17.206 nan
14.6250 14.468 13.901 nan 17.266 nan
14.6319 14.319 14.062 nan 17.323 nan
14.6389 14.166 14.218 nan 17.376 nan
14.6458 14.009 14.371 nan 17.426 nan
14.6528 13.848 14.520 nan 17.472 9.157
14.6597 13.682 14.665 nan 17.516 9.421
14.6667 13.513 14.806 nan 17.555 9.681
14.6736 13.340 14.943 nan 17.592 9.937
14.6806 13.163 15.076 nan 17.625 10.189
14.6875 12.981 15.205 nan 17.655 10.436
14.6944 12.795 15.331 nan 17.681 10.680
14.7014 12.605 15.453 nan 17.704 10.919
14.7083 12.411 15.571 nan 17.724 11.153
14.7153 12.213 15.685 nan 17.741 11.384
14.7222 12.010 15.796 nan 17.754 11.609
14.7292 11.803 15.903 nan 17.764 11.831
14.7361 11.592 16.007 nan 17.771 12.047
14.7431 11.376 16.107 nan 17.774 12.260
14.7500 11.156 16.203 nan 17.774 12.467
14.7569 10.932 16.296 nan 17.771 12.671
14.7639 10.704 16.386 nan 17.764 12.869
14.7708 10.471 16.472 nan 17.755 13.064
14.7778 10.235 16.554 nan 17.742 13.254
14.7847 9.995 16.633 nan 17.725 13.440
14.7917 9.750 16.709 nan 17.706 13.622
14.7986 9.503 16.781 nan 17.683 13.799
14.8056 9.252 16.850 nan 17.657 13.972
14.8125 8.997 16.915 nan 17.628 14.141
14.8194 8.741 16.977 nan 17.595 14.306
14.8264 8.482 17.036 nan 17.559 14.467
14.8333 8.222 17.092 7.131 17.520 14.624
14.8403 7.961 17.144 7.403 17.477 14.777
14.8472 nan 17.193 7.677 17.431 14.926
14.8542 nan 17.238 7.951 17.382 15.070
14.8611 nan 17.280 8.225 17.329 15.212
14.8681 nan 17.319 8.496 17.273 15.349
14.8750 nan 17.355 8.766 17.214 15.482
14.8819 nan 17.388 9.033 17.151 15.612
14.8889 nan 17.417 9.296 17.085 15.737
14.8958 nan 17.443 9.556 17.015 15.859
14.9028 nan 17.466 9.812 16.943 15.978
14.9097 nan 17.486 10.064 16.866 16.092
14.9167 nan 17.502 10.311 16.786 16.204
14.9236 nan 17.515 10.555 16.703 16.311
14.9306 nan 17.525 10.793 16.616 16.415
14.9375 nan 17.532 11.028 16.526 16.515
14.9444 nan 17.536 11.258 16.433 16.612
14.9514 nan 17.536 11.483 16.335 16.705
14.9583 nan 17.533 11.703 16.234 16.795
14.9653 nan 17.527 11.920 16.130 16.881
14.9722 nan 17.518 12.131 16.022 16.963
14.9792 nan 17.506 12.338 15.910 17.043
14.9861 nan 17.490 12.541 15.795 17.118
14.9931 nan 17.471 12.739 15.676 17.191
15.0000 nan 17.449 12.932 15.553 17.260
15.0069 nan 17.424 13.121 15.427 17.325
15.0139 nan 17.396 13.306 15.297 17.388
15.0208 nan 17.364 13.487 15.163 17.447
15.0278 nan 17.329 13.663 15.025 17.502
15.0347 nan 17.291 13.835 14.883 17.554
15.0417 7.186 17.250 14.003 14.738 17.603
15.0486 7.447 17.205 14.166 14.589 17.649
15.0556 7.710 17.157 14.326 14.435 17.691
15.0625 7.974 17.106 14.481 14.278 17.730
15.0694 8.238 17.052 14.632 14.117 17.766
15.0764 8.500 16.994 14.779 13.951 17.798
15.0833 8.761 16.933 14.922 13.782 17.827
15.0903 9.019 16.869 15.062 13.608 17.853
15.0972 9.274 16.801 15.197 13.431 17.876
15.1042 9.526 16.730 15.328 13.249 17.895
15.1111 9.775 16.656 15.456 13.063 17.911
15.1181 10.020 16.578 15.580 12.873 17.924
15.1250 10.260 16.497 15.700 12.678 17.933
15.1319 10.497 16.412 15.816 12.480 17.939
15.1389 10.730 16.324 15.928 12.276 17.942
15.1458 10.958 16.233 16.037 12.069 17.942
15.1528 11.182 16.138 16.142 11.857 17.939
15.1597 11.401 16.040 16.244 11.641 17.932
15.1667 11.616 15.938 16.341 11.421 17.922
15.1736 11.827 15.832 16.435 11.197 17.909
15.1806 12.034 15.723 16.526 10.968 17.892
15.1875 12.236 15.611 16.613 10.735 17.872
15.1944 12.434 15.495 16.696 10.497 17.849
15.2014 12.627 15.375 16.776 10.256 17.822
15.2083 12.816 15.251 16.853 10.011 17.793
15.2153 13.001 15.124 16.926 9.762 17.759
15.2222 13.181 14.993 16.995 9.509 17.723
15.2292 13.358 14.858 17.061 9.253 17.683
15.2361 13.530 14.720 17.124 nan 17.640
15.2431 13.698 14.578 17.183 nan 17.594
15.2500 13.862 14.432 17.239 nan 17.544
15.2569 14.022 14.282 17.291 nan 17.491
15.2639 14.177 14.128 17.340 nan 17.434
15.2708 14.329 13.970 17.386 nan 17.374
15.2778 14.477 13.808 17.428 nan 17.311
15.2847 14.621 13.642 17.467 nan 17.244
15.2917 14.761 13.472 17.502 nan 17.173
15.2986 14.897 13.298 17.535 nan 17.099
15.3056 15.029 13.120 17.564 nan 17.022
15.3125 15.158 12.938 17.589 nan 16.941
15.3194 15.283 12.752 17.612 nan 16.857
15.3264 15.404 12.562 17.631 nan 16.769
15.3333 15.521 12.367 17.646 nan 16.677
15.3403 15.635 12.168 17.659 nan 16.582
15.3472 15.745 11.965 17.668 nan 16.483
15.3542 15.851 11.757 17.674 nan 16.380
15.3611 15.954 11.546 17.676 nan 16.274
15.3681 16.053 11.330 17.676 nan 16.164
15.3750 16.148 11.110 17.672 nan 16.050
15.3819 16.240 10.886 17.664 nan 15.933
15.3889 16.329 10.657 17.654 nan 15.811
15.3958 16.414 10.425 17.640 nan 15.686
15.4028 16.496 10.188 17.623 nan 15.557
15.4097 16.574 9.948 17.602 nan 15.424
15.4167 16.649 9.704 17.579 nan 15.287
15.4236 16.720 9.457 17.552 nan 15.145
15.4306 16.788 9.206 17.521 nan 15.000
15.4375 16.853 8.953 17.488 nan 14.851
15.4444 16.914 8.697 17.451 nan 14.697
15.4514 16.972 8.440 17.411 nan 14.540
15.4583 17.026 8.181 17.367 7.148 14.378
15.4653 17.078 7.921 17.320 7.417 14.211
15.4722 17.126 nan 17.270 7.688 14.041
15.4792 17.170 nan 17.217 7.959 13.866
15.4861 17.212 nan 17.160 8.230 13.687
15.4931 17.250 nan 17.100 8.499 13.503
15.5000 17.285 nan 17.036 8.766 13.314
15.5069 17.317 nan 16.969 9.030 13.121
15.5139 17.345 nan 16.898 9.292 12.923
15.5208 17.370 nan 16.824 9.550 12.721
15.5278 17.392 nan 16.747 9.804 12.514
15.5347 17.411 nan 16.666 10.054 12.301
15.5417 17.427 nan 16.582 10.300 12.084
15.5486 17.439 nan 16.494 10.542 11.863
15.5556 17.448 nan 16.403 10.780 11.636
15.5625 17.454 nan 16.308 11.013 11.404
15.5694 17.457 nan 16.210 11.241 11.167
15.5764 17.456 nan 16.108 11.466 10.925
15.5833 17.453 nan 16.003 11.685 10.678
15.5903 17.446 nan 15.893 11.901 10.426
15.5972 17.436 nan 15.781 12.111 10.169
15.6042 17.423 nan 15.664 12.318 9.907
15.6111 17.406 nan 15.544 12.519 9.640
15.6181 17.387 nan 15.421 12.717 9.368
15.6250 17.364 nan 15.293 12.910 9.091
15.6319 17.338 nan 15.162 13.099 8.811
15.6389 17.308 nan 15.027 13.283 8.526
15.6458 17.276 nan 14.888 13.463 8.237
15.6528 17.240 nan 14.745 13.639 7.946
15.6597 17.202 nan 14.598 13.811 7.652
15.6667 17.159 7.233 14.448 13.978 7.357
15.6736 17.114 7.492 14.293 14.141 7.062
15.6806 17.065 7.753 14.135 14.301 6.768
15.6875 17.014 8.016 13.972 14.456 6.478
15.6944 16.958 8.278 13.806 14.607 nan
15.7014 16.900 8.539 13.635 14.754 nan
15.7083 16.838 8.797 13.461 14.897 nan
15.7153 16.773 9.054 13.282 15.036 nan
15.7222 16.705 9.308 13.099 15.171 nan
15.7292 16.633 9.558 12.912 15.303 nan
15.7361 16.558 9.805 12.720 15.430 nan
15.7431 16.480 10.048 12.525 15.554 nan
15.7500 16.398 10.287 12.325 15.674 nan
15.7569 16.313 10.523 12.121 15.790 nan
15.7639 16.224 10.754 11.913 15.903 nan
15.7708 16.132 10.980 11.700 16.011 nan
15.7778 16.037 11.203 11.483 16.117 nan
15.7847 15.938 11.421 11.262 16.218 nan
15.7917 15.835 11.635 11.037 16.316 nan
15.7986 15.729 11.844 10.807 16.410 nan
15.8056 15.620 12.049 10.574 16.501 nan
15.8125 15.507 12.250 10.336 16.588 nan
15.8194 15.390 12.447 10.095 16.672 nan
15.8264 15.270 12.639 9.850 16.752 nan
15.8333 15.146 12.827 9.601 16.828 nan
15.8403 15.019 13.010 9.349 16.901 nan
15.8472 14.887 13.190 9.094 16.971 nan
15.8542 14.753 13.365 nan 17.037 nan
15.8611 14.614 13.536 nan 17.100 nan
15.8681 14.471 13.703 nan 17.159 nan
15.8750 14.325 13.866 nan 17.215 nan
15.8819 14.175 14.025 nan 17.268 nan
15.8889 14.021 14.179 nan 17.317 8.830
15.8958 13.863 14.330 nan 17.363 9.107
15.9028 13.702 14.477 nan 17.405 9.381
15.9097 13.536 14.620 nan 17.444 9.650
15.9167 13.367 14.758 nan 17.480 9.915
15.9236 13.193 14.894 nan 17.513 10.175
15.9306 13.015 15.025 nan 17.542 10.431
15.9375 12.834 15.152 nan 17.568 10.682
15.9444 12.648 15.276 nan 17.590 10.928
15.9514 12.458 15.396 nan 17.609 11.170
15.9583 12.264 15.512 nan 17.625 11.406
15.9653 12.066 15.625 nan 17.638 11.638
15.9722 11.864 15.734 nan 17.647 11.865
15.9792 11.658 15.839 nan 17.653 12.088
15.9861 11.447 15.940 nan 17.656 12.305
15.9931 11.233 16.039 nan 17.656 12.518
16.0000 11.014 16.133 nan 17.652 12.726
16.0069 10.792 16.224 nan 17.645 12.930
16.0139 10.566 16.312 nan 17.634 13.129
16.0208 10.335 16.396 nan 17.620 13.323
16.0278 10.102 16.476 nan 17.603 13.513
16.0347 9.864 16.553 nan 17.583 13.699
16.0417 9.623 16.627 nan 17.560 13.880
16.0486 9.379 16.697 nan 17.533 14.057
16.0556 9.133 16.764 nan 17.503 14.230
16.0625 8.884 16.828 nan 17.469 14.398
16.0694 8.632 16.888 nan 17.432 14.562
16.0764 8.380 16.945 7.295 17.392 14.722
16.0833 8.126 16.998 7.560 17.349 14.878
16.0903 nan 17.048 7.827 17.302 15.030
16.0972 nan 17.095 8.094 17.252 15.178
16.1042 nan 17.139 8.360 17.198 15.322
16.1111 nan 17.179 8.625 17.141 15.462
16.1181 nan 17.216 8.887 17.081 15.598
16.1250 nan 17.250 9.147 17.017 15.730
16.1319 nan 17.280 9.404 16.950 15.858
16.1389 nan 17.308 9.658 16.880 15.983
16.1458 nan 17.332 9.908 16.806 16.103
16.1528 nan 17.353 10.154 16.728 16.220
16.1597 nan 17.370 10.396 16.647 16.334
16.1667 nan 17.385 10.633 16.563 16.443
16.1736 nan 17.396 10.867 16.475 16.549
16.1806 nan 17.404 11.096 16.383 16.652
16.1875 nan 17.409 11.321 16.288 16.751
16.1944 nan 17.410 11.542 16.190 16.846
16.2014 nan 17.408 11.758 16.088 16.938
16.2083 nan 17.404 11.970 15.982 17.026
16.2153 nan 17.396 12.178 15.873 17.110
16.2222 nan 17.384 12.381 15.759 17.192
16.2292 nan 17.370 12.580 15.643 17.269
16.2361 nan 17.352 12.774 15.522 17.344
16.2431 nan 17.331 12.964 15.398 17.415
16.2500 nan 17.307 13.150 15.270 17.482
16.2569 nan 17.280 13.332 15.138 17.546
16.2639 nan 17.250 13.509 15.003 17.607
16.2708 nan 17.216 13.682 14.863 17.664
16.2778 nan 17.179 13.852 14.720 17.719
16.2847 nan 17.139 14.017 14.573 17.769
16.2917 7.299 17.096 14.177 14.422 17.817
16.2986 7.551 17.049 14.334 14.267 17.861
16.3056 7.806 16.999 14.487 14.107 17.901
16.3125 8.061 16.946 14.636 13.944 17.939
16.3194 8.317 16.890 14.781 13.777 17.973
16.3264 8.572 16.830 14.922 13.606 18.004
16.3333 8.825 16.767 15.059 13.430 18.032
16.3403 9.076 16.701 15.192 13.251 18.056
16.3472 9.325 16.631 15.322 13.067 18.077
16.3542 9.571 16.558 15.447 12.879 18.095
16.3611 9.813 16.482 15.569 12.686 18.110
16.3681 10.052 16.402 15.688 12.490 18.121
16.3750 10.287 16.319 15.802 12.289 18.129
16.3819 10.518 16.233 15.913 12.084 18.134
16.3889 10.745 16.143 16.020 11.875 18.136
16.3958 10.968 16.050 16.123 11.661 18.134
16.4028 11.188 15.953 16.223 11.443 18.129
16.4097 11.403 15.853 16.320 11.221 18.121
16.4167 11.613 15.750 16.412 10.994 18.109
16.4236 11.820 15.643 16.502 10.763 18.095
16.4306 12.022 15.532 16.587 10.528 18.077
16.4375 12.220 15.418 16.669 10.290 18.056
16.4444 12.414 15.300 16.748 10.047 18.031
16.4514 12.603 15.179 16.823 9.800 18.003
16.4583 12.789 15.054 16.895 9.550 17.972
16.4653 12.970 14.925 16.963 9.297 17.938
16.4722 13.147 14.793 17.028 9.040 17.900
16.4792 13.320 14.657 17.090 nan 17.859
16.4861 13.489 14.517 17.148 nan 17.815
16.4931 13.654 14.374 17.202 nan 17.767
16.5000 13.815 14.227 17.254 nan 17.716
16.5069 13.971 14.076 17.302 nan 17.661
16.5139 14.124 13.921 17.346 nan 17.603
16.5208 14.273 13.762 17.387 nan 17.542
16.5278 14.418 13.600 17.425 nan 17.477
16.5347 14.559 13.433 17.460 nan 17.409
16.5417 14.696 13.263 17.491 nan 17.338
16.5486 14.830 13.088 17.519 nan 17.263
16.5556 14.959 12.910 17.544 nan 17.184
16.5625 15.085 12.728 17.565 nan 17.102
16.5694 15.207 12.541 17.583 nan 17.016
16.5764 15.325 12.351 17.598 nan 16.927
16.5833 15.440 12.157 17.610 nan 16.834
16.5903 15.551 11.959 17.618 nan 16.738
16.5972 15.658 11.756 17.623 nan 16.638
16.6042 15.762 11.550 17.624 nan 16.534
16.6111 15.862 11.339 17.623 nan 16.426
16.6181 15.959 11.125 17.618 nan 16.315
16.6250 16.052 10.907 17.609 nan 16.200
16.6319 16.142 10.685 17.598 nan 16.081
16.6389 16.228 10.459 17.583 nan 15.958
16.6458 16.310 10.229 17.565 nan 15.832
16.6528 16.390 9.997 17.544 nan 15.701
16.6597 16.465 9.760 17.519 nan 15.567
16.6667 16.538 9.521 17.491 nan 15.428
16.6736 16.607 9.279 17.459 nan 15.286
16.6806 16.672 9.034 17.425 nan 15.139
16.6875 16.734 8.787 17.387 nan 14.989
16.6944 16.793 8.539 17.346 nan 14.834
16.7014 16.849 8.290 17.301 7.346 14.675
16.7083 16.901 8.041 17.253 7.613 14.511
16.7153 16.950 nan 17.201 7.881 14.343
16.7222 16.995 nan 17.147 8.148 14.171
16.7292 17.038 nan 17.089 8.415 13.995
16.7361 17.077 nan 17.027 8.680 13.814
16.7431 17.113 nan 16.962 8.943 13.628
16.7500 17.145 nan 16.894 9.203 13.438
16.7569 17.174 nan 16.822 9.460 13.243
16.7639 17.200 nan 16.747 9.713 13.043
16.7708 17.223 nan 16.668 9.963 12.838
16.7778 17.243 nan 16.585 10.209 12.629
16.7847 17.259 nan 16.500 10.451 12.415
16.7917 17.272 nan 16.410 10.688 12.195
16.7986 17.282 nan 16.318 10.922 11.971
16.8056 17.289 nan 16.221 11.151 11.742
16.8125 17.292 nan 16.121 11.375 11.507
16.8194 17.293 nan 16.017 11.596 11.267
16.8264 17.290 nan 15.910 11.812 11.022
16.8333 17.284 nan 15.799 12.023 10.772
16.8403 17.274 nan 15.685 12.230 10.516
16.8472 17.262 nan 15.566 12.433 10.255
16.8542 17.246 nan 15.444 12.631 9.989
16.8611 17.227 nan 15.318 12.826 9.717
16.8681 17.205 nan 15.189 13.015 9.441
16.8750 17.180 nan 15.055 13.201 9.159
16.8819 17.151 nan 14.918 13.383 8.873
16.8889 17.120 nan 14.777 13.560 8.582
16.8958 17.085 nan 14.632 13.733 8.287
16.9028 17.046 nan 14.482 13.901 7.988
16.9097 17.005 nan 14.329 14.066 7.686
16.9167 16.960 7.400 14.172 14.227 7.382
16.9236 16.913 7.648 14.011 14.383 7.077
16.9306 16.862 7.899 13.846 14.536 6.773
16.9375 16.807 8.150 13.677 14.685 6.471
16.9444 16.750 8.402 13.503 14.830 nan
16.9514 16.689 8.652 13.326 14.970 nan
16.9583 16.624 8.902 13.144 15.107 nan
16.9653 16.557 9.149 12.958 15.241 nan
16.9722 16.486 9.393 12.768 15.370 nan
16.9792 16.412 9.635 12.573 15.495 nan
16.9861 16.335 9.874 12.374 15.617 nan
16.9931 16.254 10.109 12.171 15.735 nan
17.0000 16.170 10.341 11.963 15.850 nan
17.0069 16.082 10.568 11.752 15.961 nan
17.0139 15.991 10.792 11.536 16.068 nan
17.0208 15.897 11.012 11.315 16.171 nan
17.0278 15.799 11.228 11.090 16.271 nan
17.0347 15.698 11.440 10.861 16.367 nan
17.0417 15.593 11.648 10.628 16.460 nan
17.0486 15.485 11.852 10.390 16.549 nan
17.0556 15.373 12.051 10.149 16.635 nan
17.0625 15.258 12.247 9.904 16.717 nan
17.0694 15.139 12.438 9.655 16.796 nan
17.0764 15.017 12.625 9.402 16.871 nan
17.0833 14.891 12.808 9.147 16.943 nan
17.0903 14.761 12.987 8.888 17.011 nan
17.0972 14.628 13.162 nan 17.076 nan
17.1042 14.492 13.332 nan 17.137 nan
17.1111 14.351 13.499 nan 17.196 nan
17.1181 14.207 13.662 nan 17.250 nan
17.1250 14.059 13.820 nan 17.302 8.286
17.1319 13.907 13.975 nan 17.350 8.578
17.1389 13.752 14.126 nan 17.394 8.866
17.1458 13.592 14.273 nan 17.436 9.150
17.1528 13.429 14.416 nan 17.474 9.430
17.1597 13.262 14.555 nan 17.509 9.705
17.1667 13.092 14.690 nan 17.540 9.976
17.1736 12.917 14.821 nan 17.568 10.241
17.1806 12.739 14.949 nan 17.593 10.501
17.1875 12.556 15.073 nan 17.614 10.756
17.1944 12.370 15.194 nan 17.632 11.006
17.2014 12.180 15.310 nan 17.647 11.251
17.2083 11.986 15.423 nan 17.659 11.491
17.2153 11.788 15.533 nan 17.667 11.726
17.2222 11.586 15.638 nan 17.672 11.956
17.2292 11.381 15.740 nan 17.674 12.181
17.2361 11.171 15.839 nan 17.672 12.400
17.2431 10.958 15.934 nan 17.668 12.615
17.2500 10.741 16.025 nan 17.659 12.825
17.2569 10.520 16.113 nan 17.648 13.031
17.2639 10.297 16.198 nan 17.633 13.231
17.2708 10.069 16.279 nan 17.615 13.427
17.2778 9.839 16.357 nan 17.594 13.619
17.2847 9.606 16.431 nan 17.569 13.806
17.2917 9.370 16.502 nan 17.541 13.988
17.2986 9.132 16.569 nan 17.510 14.166
17.3056 8.892 16.633 nan 17.476 14.339
17.3125 8.650 16.694 nan 17.438 14.508
17.3194 8.408 16.751 7.495 17.396 14.673
17.3264 8.165 16.805 7.763 17.352 14.834
17.3333 nan 16.856 8.031 17.304 14.991
17.3403 nan 16.903 8.298 17.252 15.143
17.3472 nan 16.947 8.564 17.198 15.291
17.3542 nan 16.988 8.828 17.139 15.435
17.3611 nan 17.025 9.090 17.078 15.576
17.3681 nan 17.060 9.348 17.013 15.712
17.3750 nan 17.091 9.604 16.944 15.844
17.3819 nan 17.118 9.855 16.872 15.973
17.3889 nan 17.143 10.103 16.797 16.097
17.3958 nan 17.164 10.347 16.718 16.218
17.4028 nan 17.182 10.586 16.636 16.335
17.4097 nan 17.197 10.822 16.550 16.448
17.4167 nan 17.209 11.053 16.460 16.558
17.4236 nan 17.217 11.280 16.367 16.664
17.4306 nan 17.222 11.502 16.271 16.766
17.4375 nan 17.224 11.721 16.170 16.865
17.4444 nan 17.223 11.934 16.066 16.960
17.4514 nan 17.218 12.144 15.959 17.051
17.4583 nan 17.211 12.349 15.847 17.139
17.4653 nan 17.200 12.549 15.732 17.224
17.4722 nan 17.186 12.746 15.614 17.304
17.4792 nan 17.169 12.938 15.491 17.382
17.4861 nan 17.148 13.125 15.365 17.456
17.4931 nan 17.124 13.309 15.235 17.526
17.5000 nan 17.098 13.488 15.101 17.594
17.5069 nan 17.068 13.664 14.963 17.657
17.5139 nan 17.034 13.834 14.821 17.718
17.5208 nan 16.998 14.001 14.675 17.775
17.5278 nan 16.958 14.164 14.525 17.828
17.5347 nan 16.915 14.323 14.371 17.879
17.5417 nan 16.869 14.478 14.213 17.925
17.5486 7.785 16.819 14.629 14.051 17.969
17.5556 8.028 16.766 14.776 13.885 18.009
17.5625 8.271 16.710 14.919 13.715 18.046
17.5694 8.516 16.651 15.058 13.540 18.080
17.5764 8.759 16.588 15.193 13.361 18.111
17.5833 9.001 16.523 15.324 13.178 18.138
17.5903 9.241 16.453 15.452 12.991 18.162
17.5972 9.479 16.381 15.576 12.799 18.182
17.6042 9.714 16.305 15.696 12.603 18.200
17.6111 9.947 16.226 15.813 12.403 18.214
17.6181 10.176 16.143 15.926 12.198 18.225
17.6250 10.401 16.058 16.035 11.988 18.232
17.6319 10.624 15.968 16.141 11.774 18.237
17.6389 10.842 15.876 16.243 11.556 18.238
17.6458 11.057 15.780 16.341 11.333 18.236
17.6528 11.268 15.680 16.436 11.106 18.230
17.6597 11.475 15.577 16.527 10.874 18.222
17.6667 11.678 15.471 16.615 10.638 18.210
17.6736 11.877 15.361 16.699 10.398 18.195
17.6806 12.073 15.247 16.780 10.154 18.176
17.6875 12.264 15.130 16.858 9.905 18.155
17.6944 12.451 15.010 16.932 9.653 18.130
17.7014 12.634 14.886 17.002 9.396 18.102
17.7083 12.813 14.758 17.069 9.137 18.070
17.7153 12.988 14.627 17.133 8.874 18.035
17.7222 13.160 14.492 17.193 8.609 17.997
17.7292 13.327 14.353 17.250 nan 17.956
17.7361 13.490 14.211 17.304 nan 17.911
17.7431 13.649 14.065 17.354 nan 17.863
17.7500 13.805 13.916 17.401 nan 17.812
17.7569 13.956 13.762 17.445 nan 17.757
17.7639 14.104 13.605 17.485 nan 17.699
17.7708 14.248 13.444 17.522 nan 17.637
17.7778 14.388 13.280 17.556 nan 17.573
17.7847 14.525 13.111 17.586 nan 17.504
17.7917 14.657 12.939 17.613 nan 17.433
17.7986 14.786 12.763 17.637 nan 17.357
17.8056 14.911 12.583 17.657 nan 17.279
17.8125 15.033 12.399 17.674 nan 17.196
17.8194 15.150 12.212 17.688 nan 17.111
17.8264 15.265 12.020 17.699 nan 17.021
17.8333 15.375 11.825 17.706 nan 16.929
17.8403 15.482 11.626 17.710 nan 16.832
17.8472 15.585 11.423 17.711 nan 16.732
17.8542 15.685 11.217 17.708 nan 16.628
17.8611 15.781 11.006 17.703 nan 16.521
17.8681 15.874 10.792 17.693 nan 16.410
17.8750 15.964 10.575 17.681 nan 16.295
17.8819 16.049 10.355 17.665 nan 16.176
17.8889 16.132 10.131 17.646 nan 16.054
17.8958 16.211 9.904 17.624 nan 15.928
17.9028 16.286 9.674 17.599 nan 15.797
17.9097 16.359 9.442 17.570 nan 15.663
17.9167 16.427 9.207 17.538 nan 15.525
17.9236 16.493 8.971 17.502 nan 15.383
17.9306 16.555 8.733 17.463 nan 15.237
17.9375 16.614 8.494 17.421 7.248 15.087
17.9444 16.669 8.256 17.375 7.519 14.932
17.9514 16.721 nan 17.326 7.792 14.774
17.9583 16.770 nan 17.274 8.065 14.611
17.9653 16.815 nan 17.218 8.337 14.444
17.9722 16.858 nan 17.159 8.607 14.272
17.9792 16.896 nan 17.096 8.875 14.096
17.9861 16.932 nan 17.030 9.140 13.916
17.9931 16.965 nan 16.961 9.402 13.731
18.0000 16.994 nan 16.888 9.660 13.542
18.0069 17.020 nan 16.811 9.914 13.347
18.0139 17.042 nan 16.732 10.164 13.149
18.0208 17.062 nan 16.648 10.410 12.945
18.0278 17.078 nan 16.561 10.652 12.737
18.0347 17.091 nan 16.470 10.889 12.523
18.0417 17.101 nan 16.376 11.122 12.305
18.0486 17.107 nan 16.278 11.350 12.082
18.0556 17.111 nan 16.177 11.574 11.853
18.0625 17.111 nan 16.072 11.794 11.620
18.0694 17.108 nan 15.963 12.009 11.381
18.0764 17.102 nan 15.850 12.219 11.137
18.0833 17.092 nan 15.734 12.425 10.888
18.0903 17.080 nan 15.614 12.627 10.633
18.0972 17.064 nan 15.490 12.824 10.373
18.1042 17.045 nan 15.362 13.017 10.108
18.1111 17.022 nan 15.231 13.206 9.838
18.1181 16.997 nan 15.095 13.390 9.562
18.1250 16.968 nan 14.956 13.570 9.282
18.1319 16.936 nan 14.812 13.746 8.996
18.1389 16.901 nan 14.665 13.918 8.706
18.1458 16.863 nan 14.513 14.085 8.412
18.1528 16.821 nan 14.358 14.249 8.113
18.1597 16.777 nan 14.198 14.408 7.812
18.1667 16.729 nan 14.034 14.564 7.507
18.1736 16.677 7.947 13.866 14.715 7.202
18.1806 16.623 8.186 13.694 14.862 6.896
18.1875 16.565 8.426 13.517 15.006 nan
18.1944 16.504 8.666 13.336 15.146 nan
18.2014 16.439 8.905 13.151 15.281 nan
18.2083 16.372 9.143 12.962 15.413 nan
18.2153 16.300 9.379 12.768 15.541 nan
18.2222 16.226 9.612 12.569 15.666 nan
18.2292 16.148 9.843 12.366 15.787 nan
18.2361 16.067 10.071 12.159 15.904 nan
18.2431 15.983 10.296 11.947 16.017 nan
18.2500 15.895 10.517 11.730 16.127 nan
18.2569 15.804 10.735 11.509 16.233 nan
18.2639 15.710 10.950 11.283 16.335 nan
18.2708 15.612 11.160 11.053 16.434 nan
18.2778 15.510 11.367 10.818 16.529 nan
18.2847 15.405 11.570 10.579 16.621 nan
18.2917 15.297 11.770 10.335 16.709 nan
18.2986 15.185 11.965 10.087 16.794 nan
18.3056 15.070 12.157 9.835 16.875 nan
18.3125 14.951 12.344 9.579 16.953 nan
18.3194 14.829 12.528 9.318 17.027 nan
18.3264 14.703 12.708 9.055 17.098 nan
18.3333 14.573 12.883 8.788 17.166 nan
18.3403 14.440 13.055 8.518 17.230 nan
18.3472 14.303 13.223 8.246 17.291 nan
18.3542 14.163 13.387 nan 17.348 nan
18.3611 14.019 13.548 nan 17.402 nan
18.3681 13.871 13.704 nan 17.453 7.877
18.3750 13.720 13.857 nan 17.500 8.176
18.3819 13.565 14.005 nan 17.544 8.472
18.3889 13.406 14.150 nan 17.585 8.763
18.3958 13.244 14.291 nan 17.622 9.051
18.4028 13.077 14.429 nan 17.656 9.334
18.4097 12.907 14.563 nan 17.687 9.613
18.4167 12.734 14.692 nan 17.715 9.886
18.4236 12.556 14.819 nan 17.739 10.154
18.4306 12.375 14.941 nan 17.760 10.418
18.4375 12.190 15.060 nan 17.777 10.676
18.4444 12.001 15.176 nan 17.792 10.928
18.4514 11.809 15.288 nan 17.803 11.176
18.4583 11.613 15.396 nan 17.811 11.418
18.4653 11.413 15.500 nan 17.815 11.655
18.4722 11.209 15.602 nan 17.817 11.887
18.4792 11.002 15.699 nan 17.814 12.114
18.4861 10.792 15.793 nan 17.809 12.336
18.4931 10.578 15.884 nan 17.801 12.553
18.5000 10.361 15.971 nan 17.789 12.765
18.5069 10.141 16.055 nan 17.774 12.972
18.5139 9.918 16.135 nan 17.755 13.174
18.5208 9.692 16.212 nan 17.733 13.372
18.5278 9.464 16.285 nan 17.708 13.565
18.5347 9.234 16.356 nan 17.680 13.753
18.5417 9.002 16.422 nan 17.648 13.937
18.5486 8.769 16.486 nan 17.613 14.116
18.5556 8.535 16.546 7.338 17.575 14.290
18.5625 8.301 16.602 7.615 17.533 14.461
18.5694 nan 16.656 7.892 17.488 14.627
18.5764 nan 16.706 8.168 17.439 14.788
18.5833 nan 16.753 8.443 17.387 14.946
18.5903 nan 16.796 8.715 17.332 15.099
18.5972 nan 16.837 8.985 17.273 15.248
18.6042 nan 16.874 9.252 17.211 15.393
18.6111 nan 16.907 9.514 17.146 15.534
18.6181 nan 16.938 9.773 17.077 15.671
18.6250 nan 16.965 10.028 17.004 15.804
18.6319 nan 16.989 10.279 16.928 15.933
18.6389 nan 17.010 10.525 16.848 16.058
18.6458 nan 17.027 10.767 16.765 16.180
18.6528 nan 17.042 11.004 16.679 16.297
18.6597 nan 17.053 11.237 16.589 16.411
18.6667 nan 17.061 11.465 16.495 16.521
18.6736 nan 17.065 11.689 16.397 16.627
18.6806 nan 17.067 11.908 16.296 16.730
18.6875 nan 17.065 12.122 16.191 16.828
18.6944 nan 17.060 12.332 16.083 16.924
18.7014 nan 17.052 12.538 15.970 17.015
18.7083 nan 17.040 12.739 15.854 17.104
18.7153 nan 17.026 12.936 15.734 17.188
18.7222 nan 17.008 13.128 15.611 17.269
18.7292 nan 16.987 13.316 15.483 17.347
18.7361 nan 16.963 13.500 15.352 17.421
18.7431 nan 16.935 13.679 15.216 17.492
18.7500 nan 16.905 13.854 15.077 17.559
18.7569 nan 16.871 14.025 14.934 17.623
18.7639 nan 16.833 14.192 14.786 17.683
18.7708 nan 16.793 14.355 14.635 17.740
18.7778 nan 16.749 14.513 14.479 17.793
18.7847 nan 16.703 14.668 14.319 17.844
18.7917 nan 16.652 14.818 14.155 17.891
18.7986 8.148 16.599 14.965 13.987 17.934
18.8056 8.382 16.542 15.108 13.814 17.974
18.8125 8.616 16.482 15.247 13.637 18.011
18.8194 8.850 16.419 15.382 13.456 18.045
18.8264 9.083 16.353 15.513 13.270 18.075
18.8333 9.315 16.283 15.640 13.080 18.102
18.8403 9.545 16.209 15.764 12.885 18.126
18.8472 9.772 16.133 15.884 12.686 18.147
18.8542 9.997 16.053 16.000 12.482 18.164
18.8611 10.219 15.970 16.112 12.274 18.178
18.8681 10.438 15.883 16.221 12.060 18.189
18.8750 10.653 15.793 16.326 11.843 18.196
18.8819 10.866 15.700 16.428 11.620 18.200
18.8889 11.075 15.603 16.526 11.393 18.201
18.8958 11.280 15.502 16.621 11.160 18.199
18.9028 11.482 15.399 16.712 10.924 18.194
18.9097 11.680 15.291 16.799 10.682 18.185
18.9167 11.874 15.181 16.883 10.436 18.173
18.9236 12.065 15.066 16.964 10.185 18.158
18.9306 12.251 14.949 17.041 9.930 18.139
18.9375 12.434 14.827 17.115 9.670 18.118
18.9444 12.613 14.702 17.185 9.406 18.093
18.9514 12.789 14.574 17.252 9.138 18.064
18.9583 12.960 14.442 17.315 8.866 18.033
18.9653 13.128 14.306 17.375 8.591 17.998
18.9722 13.292 14.167 17.432 8.313 17.960
18.9792 13.452 14.024 17.485 8.033 17.919
18.9861 13.608 13.877 17.535 nan 17.874
18.9931 13.761 13.727 17.582 nan 17.826
19.0000 13.909 13.573 17.626 nan 17.775
19.0069 14.055 13.415 17.666 nan 17.720
19.0139 14.196 13.254 17.702 nan 17.662
19.0208 14.334 13.088 17.736 nan 17.601
19.0278 14.467 12.919 17.766 nan 17.536
19.0347 14.598 12.747 17.793 nan 17.468
19.0417 14.724 12.570 17.817 nan 17.396
19.0486 14.847 12.390 17.837 nan 17.321
19.0556 14.967 12.206 17.854 nan 17.243
19.0625 15.083 12.018 17.868 nan 17.161
19.0694 15.195 11.827 17.879 nan 17.075
19.0764 15.304 11.632 17.886 nan 16.986
19.0833 15.409 11.433 17.890 nan 16.894
19.0903 15.511 11.231 17.891 nan 16.798
19.0972 15.609 11.025 17.888 nan 16.698
19.1042 15.704 10.815 17.882 nan 16.595
19.1111 15.795 10.603 17.873 nan 16.488
19.1181 15.883 10.387 17.861 nan 16.378
19.1250 15.968 10.168 17.845 nan 16.264
19.1319 16.049 9.946 17.826 nan 16.146
19.1389 16.126 9.721 17.804 nan 16.024
19.1458 16.201 9.494 17.779 nan 15.898
19.1528 16.272 9.265 17.750 nan 15.769
19.1597 16.339 9.034 17.718 nan 15.636
19.1667 16.403 8.802 17.682 nan 15.499
19.1736 16.464 8.569 17.643 nan 15.358
19.1806 16.522 8.336 17.601 7.277 15.213
19.1875 16.576 8.104 17.556 7.562 15.064
19.1944 16.627 nan 17.507 7.846 14.910
19.2014 16.675 nan 17.455 8.130 14.753
19.2083 16.720 nan 17.399 8.412 14.592
19.2153 16.761 nan 17.340 8.691 14.426
19.2222 16.799 nan 17.277 8.966 14.256
19.2292 16.834 nan 17.211 9.239 14.082
19.2361 16.865 nan 17.142 9.507 13.903
19.2431 16.893 nan 17.069 9.771 13.720
19.2500 16.918 nan 16.993 10.031 13.533
19.2569 16.940 nan 16.913 10.286 13.341
19.2639 16.959 nan 16.829 10.536 13.144
19.2708 16.974 nan 16.742 10.782 12.943
19.2778 16.986 nan 16.651 11.023 12.737
19.2847 16.995 nan 16.557 11.260 12.526
19.2917 17.001 nan 16.459 11.492 12.311
19.2986 17.003 nan 16.358 11.719 12.091
19.3056 17.002 nan 16.252 11.941 11.865
19.3125 16.998 nan 16.143 12.158 11.635
19.3194 16.991 nan 16.031 12.371 11.400
19.3264 16.981 nan 15.914 12.579 11.160
19.3333 16.967 nan 15.794 12.783 10.915
19.3403 16.951 nan 15.670 12.982 10.664
19.3472 16.931 nan 15.542 13.177 10.409
19.3542 16.908 nan 15.410 13.367 10.149
19.3611 16.881 nan 15.274 13.553 9.883
19.3681 16.851 nan 15.134 13.735 9.613
19.3750 16.819 nan 14.990 13.912 9.338
19.3819 16.783 nan 14.842 14.085 9.059
19.3889 16.743 nan 14.690 14.253 8.775
19.3958 16.701 nan 14.533 14.418 8.487
19.4028 16.655 nan 14.373 14.578 8.196
19.4097 16.606 nan 14.208 14.735 7.902
19.4167 16.553 nan 14.039 14.887 7.606
19.4236 16.498 8.354 13.866 15.035 7.309
19.4306 16.439 8.587 13.688 15.179 nan
19.4375 16.376 8.819 13.506 15.320 nan
19.4444 16.311 9.051 13.319 15.456 nan
19.4514 16.242 9.282 13.128 15.589 nan
19.4583 16.170 9.511 12.932 15.718 nan
19.4653 16.094 9.737 12.731 15.843 nan
19.4722 16.015 9.962 12.526 15.964 nan
19.4792 15.933 10.183 12.316 16.081 nan
19.4861 15.847 10.402 12.102 16.195 nan
19.4931 15.758 10.618 11.883 16.305 nan
19.5000 15.666 10.830 11.659 16.412 nan
19.5069 15.570 11.039 11.429 16.515 nan
19.5139 15.471 11.244 11.196 16.614 nan
19.5208 15.368 11.446 10.957 16.710 nan
19.5278 15.262 11.644 10.713 16.802 nan
19.5347 15.152 11.839 10.465 16.890 nan
19.5417 15.039 12.030 10.212 16.976 nan
19.5486 14.922 12.217 9.953 17.057 nan
19.5556 14.801 12.400 9.691 17.135 nan
19.5625 14.677 12.580 9.424 17.210 nan
19.5694 14.550 12.755 9.152 17.281 nan
19.5764 14.419 12.927 8.877 17.349 nan
19.5833 14.284 13.096 8.598 17.414 nan
19.5903 14.146 13.260 8.316 17.475 nan
19.5972 14.004 13.421 8.032 17.533 nan
19.6042 13.858 13.578 nan 17.587 nan
19.6111 13.709 13.731 nan 17.638 7.455
19.6181 13.555 13.880 nan 17.686 7.751
19.6250 13.399 14.026 nan 17.730 8.046
19.6319 13.238 14.168 nan 17.772 8.338
19.6389 13.074 14.307 nan 17.809 8.627
19.6458 12.906 14.441 nan 17.844 8.912
19.6528 12.734 14.573 nan 17.875 9.193
19.6597 12.559 14.700 nan 17.903 9.469
19.6667 12.379 14.824 nan 17.928 9.741
19.6736 12.196 14.944 nan 17.949 10.008
19.6806 12.010 15.061 nan 17.967 10.270
19.6875 11.819 15.174 nan 17.982 10.527
19.6944 11.625 15.284 nan 17.994 10.779
19.7014 11.427 15.390 nan 18.002 11.026
19.7083 11.226 15.493 nan 18.007 11.268
19.7153 11.021 15.592 nan 18.009 11.505
19.7222 10.813 15.688 nan 18.007 11.736
19.7292 10.601 15.780 nan 18.003 11.963
19.7361 10.386 15.869 nan 17.994 12.184
19.7431 10.168 15.955 nan 17.983 12.401
19.7500 9.947 16.037 nan 17.968 12.613
19.7569 9.724 16.115 nan 17.951 12.820
19.7639 9.498 16.191 nan 17.929 13.022
19.7708 9.270 16.263 nan 17.905 13.219
19.7778 9.041 16.331 nan 17.877 13.412
19.7847 8.810 16.397 nan 17.846 13.600
19.7917 8.578 16.459 6.990 17.812 13.784
19.7986 8.346 16.517 7.279 17.774 13.963
19.8056 8.116 16.573 7.569 17.733 14.138
19.8125 nan 16.625 7.858 17.689 14.308
19.8194 nan 16.674 8.146 17.641 14.474
19.8264 nan 16.719 8.432 17.590 14.636
19.8333 nan 16.762 8.715 17.535 14.793
19.8403 nan 16.801 8.994 17.477 14.946
19.8472 nan 16.837 9.269 17.416 15.095
19.8542 nan 16.869 9.540 17.351 15.240
19.8611 nan 16.899 9.807 17.283 15.381
19.8681 nan 16.925 10.069 17.211 15.518
19.8750 nan 16.948 10.326 17.136 15.651
19.8819 nan 16.967 10.579 17.057 15.780
19.8889 nan 16.984 10.826 16.975 15.905
19.8958 nan 16.997 11.069 16.889 16.026
19.9028 nan 17.007 11.307 16.799 16.144
19.9097 nan 17.014 11.540 16.706 16.257
19.9167 nan 17.018 11.769 16.610 16.367
19.9236 nan 17.018 11.992 16.509 16.474
19.9306 nan 17.015 12.211 16.405 16.576
19.9375 nan 17.009 12.425 16.298 16.675
19.9444 nan 17.000 12.634 16.186 16.770
19.9514 nan 16.988 12.839 16.071 16.861
19.9583 nan 16.972 13.038 15.952 16.949
19.9653 nan 16.953 13.234 15.829 17.034
19.9722 nan 16.931 13.425 15.702 17.115
19.9792 nan 16.906 13.611 15.571 17.192
19.9861 nan 16.877 13.793 15.437 17.266
19.9931 nan 16.845 13.971 15.298 17.336
20.0000 nan 16.810 14.144 15.155 17.403
20.0069 nan 16.772 14.313 15.008 17.466
20.0139 nan 16.731 14.478 14.857 17.526
20.0208 nan 16.686 14.639 14.702 17.583
20.0278 nan 16.638 14.796 14.543 17.636
20.0347 nan 16.586 14.948 14.379 17.686
20.0417 8.348 16.532 15.097 14.211 17.733
20.0486 8.579 16.474 15.241 14.039 17.776
20.0556 8.809 16.413 15.382 13.862 17.816
20.0625 9.039 16.348 15.518 13.681 17.852
20.0694 9.268 16.280 15.651 13.496 17.885
20.0764 9.496 16.209 15.780 13.305 17.915
20.0833 9.721 16.134 15.905 13.111 17.942
20.0903 9.944 16.056 16.026 12.911 17.965
20.0972 10.165 15.975 16.144 12.707 17.985
20.1042 10.382 15.890 16.258 12.498 18.002
20.1111 10.597 15.802 16.368 12.284 18.016
20.1181 10.808 15.710 16.474 12.065 18.026
20.1250 11.017 15.615 16.577 11.841 18.033
20.1319 11.221 15.517 16.676 11.613 18.037
20.1389 11.423 15.415 16.772 11.379 18.037
20.1458 11.620 15.309 16.864 11.141 18.035
20.1528 11.815 15.200 16.953 10.897 18.029
20.1597 12.005 15.088 17.038 10.648 18.019
20.1667 12.192 14.972 17.120 10.394 18.007
20.1736 12.375 14.852 17.198 10.136 17.991
20.1806 12.554 14.729 17.273 9.872 17.972
20.1875 12.730 14.602 17.344 9.604 17.950
20.1944 12.902 14.471 17.412 9.331 17.925
20.2014 13.070 14.337 17.476 9.053 17.896
20.2083 13.235 14.199 17.537 8.771 17.864
20.2153 13.396 14.058 17.595 8.486 17.829
20.2222 13.553 13.912 17.649 8.197 17.790
20.2292 13.706 13.763 17.700 7.905 17.748
20.2361 13.856 13.611 17.748 nan 17.703
20.2431 14.002 13.454 17.793 nan 17.655
20.2500 14.144 13.294 17.834 nan 17.603
20.2569 14.283 13.130 17.871 nan 17.548
20.2639 14.418 12.962 17.906 nan 17.489
20.2708 14.550 12.791 17.937 nan 17.427
20.2778 14.677 12.615 17.965 nan 17.362
20.2847 14.802 12.436 17.990 nan 17.294
20.2917 14.923 12.253 18.011 nan 17.222
20.2986 15.040 12.066 18.029 nan 17.147
20.3056 15.154 11.875 18.044 nan 17.068
20.3125 15.264 11.681 18.056 nan 16.986
20.3194 15.371 11.483 18.064 nan 16.900
20.3264 15.474 11.281 18.069 nan 16.811
20.3333 15.574 11.076 18.071 nan 16.718
20.3403 15.670 10.867 18.069 nan 16.622
20.3472 15.763 10.654 18.065 nan 16.522
20.3542 15.853 10.438 18.057 nan 16.419
20.3611 15.939 10.219 18.045 nan 16.312
20.3681 16.022 9.998 18.031 nan 16.202
20.3750 16.101 9.773 18.013 nan 16.087
20.3819 16.177 9.545 17.992 nan 15.970
20.3889 16.250 9.316 17.968 nan 15.848
20.3958 16.319 9.084 17.940 nan 15.723
20.4028 16.386 8.851 17.909 nan 15.594
20.4097 16.448 8.617 17.875 nan 15.461
20.4167 16.508 8.382 17.837 6.828 15.324
20.4236 16.564 8.148 17.796 7.124 15.183
20.4306 16.617 7.916 17.752 7.421 15.039
20.4375 16.667 nan 17.704 7.718 14.890
20.4444 16.713 nan 17.653 8.013 14.738
20.4514 16.757 nan 17.599 8.306 14.581
20.4583 16.797 nan 17.541 8.596 14.421
20.4653 16.833 nan 17.480 8.882 14.256
20.4722 16.867 nan 17.416 9.163 14.087
20.4792 16.897 nan 17.347 9.441 13.914
20.4861 16.924 nan 17.276 9.714 13.737
20.4931 16.948 nan 17.201 9.982 13.555
20.5000 16.969 nan 17.123 10.245 13.369
20.5069 16.986 nan 17.041 10.503 13.179
20.5139 17.001 nan 16.955 10.755 12.984
20.5208 17.012 nan 16.866 11.003 12.785
20.5278 17.019 nan 16.773 11.246 12.582
20.5347 17.024 nan 16.677 11.484 12.373
20.5417 17.025 nan 16.577 11.717 12.160
20.5486 17.024 nan 16.473 11.944 11.943
20.5556 17.019 nan 16.366 12.167 11.721
20.5625 17.010 nan 16.254 12.385 11.494
20.5694 16.999 nan 16.139 12.598 11.262
20.5764 16.984 nan 16.021 12.806 11.026
20.5833 16.967 nan 15.898 13.010 10.786
20.5903 16.946 nan 15.772 13.209 10.540
20.5972 16.921 nan 15.642 13.403 10.290
20.6042 16.894 nan 15.507 13.593 10.035
20.6111 16.863 nan 15.369 13.778 9.776
20.6181 16.829 nan 15.227 13.959 9.513
20.6250 16.792 nan 15.080 14.135 9.246
20.6319 16.751 nan 14.930 14.307 8.975
20.6389 16.708 nan 14.775 14.475 8.700
20.6458 16.661 nan 14.616 14.639 8.422
20.6528 16.610 nan 14.453 14.798 8.142
20.6597 16.557 nan 14.286 14.953 7.860
20.6667 16.500 8.552 14.114 15.104 nan
20.6736 16.440 8.785 13.938 15.251 nan
20.6806 16.376 9.017 13.757 15.394 nan
20.6875 16.309 9.248 13.572 15.533 nan
20.6944 16.239 9.478 13.382 15.668 nan
20.7014 16.166 9.705 13.188 15.799 nan
20.7083 16.089 9.930 12.989 15.926 nan
20.7153 16.008 10.153 12.785 16.050 nan
20.7222 15.924 10.372 12.577 16.169 nan
20.7292 15.837 10.589 12.363 16.285 nan
20.7361 15.747 10.802 12.145 16.397 nan
20.7431 15.653 11.012 11.922 16.506 nan
20.7500 15.555 11.219 11.693 16.611 nan
20.7569 15.454 11.422 11.460 16.712 nan
20.7639 15.349 11.621 11.222 16.809 nan
20.7708 15.241 11.817 10.978 16.904 nan
20.7778 15.130 12.009 10.730 16.994 nan
20.7847 15.014 12.198 10.476 17.081 nan
20.7917 14.896 12.382 10.217 17.164 nan
20.7986 14.773 12.563 9.953 17.244 nan
20.8056 14.647 12.741 9.685 17.320 nan
20.8125 14.517 12.914 9.411 17.393 nan
20.8194 14.384 13.084 9.133 17.463 nan
20.8264 14.247 13.250 8.850 17.529 nan
20.8333 14.106 13.412 8.564 17.592 nan
20.8403 13.961 13.571 8.274 17.651 nan
20.8472 13.813 13.725 7.980 17.707 nan
20.8542 13.661 13.876 7.685 17.760 nan
20.8611 13.505 14.024 nan 17.809 7.459
20.8681 13.346 14.168 nan 17.855 7.743
20.8750 13.182 14.308 nan 17.898 8.026
20.8819 13.015 14.444 nan 17.937 8.307
20.8889 12.844 14.577 nan 17.973 8.586
20.8958 12.668 14.706 nan 18.006 8.862
20.9028 12.490 14.832 nan 18.035 9.135
20.9097 12.307 14.954 nan 18.061 9.404
20.9167 12.120 15.073 nan 18.084 9.668
20.9236 11.930 15.188 nan 18.104 9.929
20.9306 11.735 15.299 nan 18.120 10.185
20.9375 11.537 15.407 nan 18.133 10.436
20.9444 11.335 15.512 nan 18.143 10.682
20.9514 11.130 15.613 nan 18.150 10.924
20.9583 10.921 15.711 nan 18.153 11.161
20.9653 10.708 15.805 nan 18.153 11.393
20.9722 10.491 15.896 nan 18.150 11.620
20.9792 10.272 15.983 nan 18.143 11.843
20.9861 10.049 16.068 nan 18.134 12.061
20.9931 9.823 16.148 nan 18.120 12.274
21.0000 9.594 16.226 nan 18.104 12.482
21.0069 9.363 16.300 nan 18.085 12.686
21.0139 9.130 16.370 nan 18.062 12.885
21.0208 8.895 16.438 nan 18.036 13.079
21.0278 8.659 16.502 nan 18.006 13.269
21.0347 8.422 16.563 6.748 17.974 13.455
21.0417 8.185 16.621 7.047 17.938 13.636
21.0486 7.950 16.675 7.347 17.898 13.813
21.0556 nan 16.726 7.647 17.856 13.985
21.0625 nan 16.774 7.946 17.810 14.153
21.0694 nan 16.818 8.242 17.760 14.317
21.0764 nan 16.860 8.534 17.708 14.476
21.0833 nan 16.898 8.823 17.651 14.631
21.0903 nan 16.932 9.108 17.592 14.783
21.0972 nan 16.964 9.388 17.529 14.930
21.1042 nan 16.993 9.663 17.463 15.073
21.1111 nan 17.018 9.934 17.393 15.212
21.1181 nan 17.040 10.199 17.320 15.347
21.1250 nan 17.059 10.460 17.243 15.478
21.1319 nan 17.074 10.715 17.163 15.605
21.1389 nan 17.087 10.965 17.079 15.729
21.1458 nan 17.096 11.210 16.992 15.848
21.1528 nan 17.102 11.449 16.901 15.964
21.1597 nan 17.104 11.684 16.806 16.076
21.1667 nan 17.104 11.913 16.708 16.185
21.1736 nan 17.100 12.138 16.606 16.289
21.1806 nan 17.094 12.358 16.501 16.390
21.1875 nan 17.084 12.572 16.392 16.487
21.1944 nan 17.070 12.782 16.279 16.581
21.2014 nan 17.054 12.987 16.162 16.671
21.2083 nan 17.034 13.187 16.042 16.758
21.2153 nan 17.011 13.383 15.917 16.840
21.2222 nan 16.985 13.574 15.789 16.920
21.2292 nan 16.956 13.760 15.657 16.996
21.2361 nan 16.923 13.942 15.521 17.068
21.2431 nan 16.887 14.120 15.381 17.137
21.2500 nan 16.848 14.293 15.236 17.203
21.2569 nan 16.806 14.462 15.088 17.265
21.2639 nan 16.760 14.626 14.936 17.323
21.2708 nan 16.711 14.786 14.779 17.378
21.2778 nan 16.659 14.942 14.618 17.430
21.2847 8.518 16.603 15.094 14.453 17.479
21.2917 8.752 16.544 15.242 14.284 17.524
21.2986 8.986 16.482 15.386 14.110 17.566
21.3056 9.219 16.416 15.525 13.932 17.604
21.3125 9.451 16.347 15.661 13.749 17.639
21.3194 9.680 16.275 15.793 13.562 17.671
21.3264 9.907 16.199 15.921 13.370 17.700
21.3333 10.131 16.120 16.045 13.173 17.725
21.3403 10.352 16.038 16.165 12.972 17.747
21.3472 10.570 15.952 16.282 12.766 17.766
21.3542 10.785 15.862 16.395 12.555 17.781
21.3611 10.997 15.769 16.504 12.339 17.793
21.3681 11.205 15.673 16.609 12.118 17.802
21.3750 11.409 15.573 16.711 11.892 17.807
21.3819 11.610 15.470 16.809 11.661 17.810
21.3889 11.808 15.363 16.903 11.425 17.809
21.3958 12.001 15.252 16.994 11.184 17.805
21.4028 12.191 15.138 17.082 10.938 17.797
21.4097 12.377 15.020 17.166 10.687 17.787
21.4167 12.559 14.898 17.246 10.430 17.773
21.4236 12.738 14.773 17.323 10.168 17.755
21.4306 12.913 14.645 17.396 9.901 17.735
21.4375 13.084 14.512 17.466 9.629 17.711
21.4444 13.251 14.376 17.533 9.353 17.684
21.4514 13.415 14.236 17.596 9.071 17.654
21.4583 13.575 14.092 17.656 8.785 17.621
21.4653 13.731 13.944 17.712 8.495 17.584
21.4722 13.883 13.793 17.765 8.201 17.544
21.4792 14.032 13.638 17.815 7.904 17.501
21.4861 14.177 13.478 17.861 nan 17.454
21.4931 14.318 13.315 17.904 nan 17.404
21.5000 14.456 13.148 17.943 nan 17.351
21.5069 14.590 12.977 17.980 nan 17.294
21.5139 14.720 12.803 18.013 nan 17.234
21.5208 14.847 12.624 18.043 nan 17.171
21.5278 14.970 12.441 18.069 nan 17.104
21.5347 15.090 12.254 18.092 nan 17.034
21.5417 15.207 12.063 18.112 nan 16.961
21.5486 15.319 11.869 18.129 nan 16.884
21.5556 15.429 11.670 18.142 nan 16.804
21.5625 15.534 11.467 18.153 nan 16.720
21.5694 15.637 11.261 18.159 nan 16.633
21.5764 15.736 11.051 18.163 nan 16.542
21.5833 15.831 10.837 18.164 nan 16.448
21.5903 15.923 10.619 18.161 nan 16.351
21.5972 16.012 10.397 18.155 nan 16.250
21.6042 16.097 10.173 18.145 nan 16.145
21.6111 16.179 9.944 18.133 nan 16.037
21.6181 16.258 9.713 18.117 nan 15.925
21.6250 16.333 9.479 18.098 nan 15.809
21.6319 16.405 9.242 18.075 nan 15.690
21.6389 16.474 9.004 18.049 nan 15.567
21.6458 16.539 8.763 18.020 nan 15.441
21.6528 16.602 8.521 17.988 nan 15.310
21.6597 16.660 8.278 17.953 nan 15.176
21.6667 16.716 8.036 17.914 6.828 15.038
21.6736 16.768 7.795 17.871 7.132 14.897
21.6806 16.817 nan 17.826 7.436 14.751
21.6875 16.863 nan 17.777 7.739 14.601
21.6944 16.906 nan 17.725 8.040 14.448
21.7014 16.945 nan 17.669 8.338 14.291
21.7083 16.982 nan 17.610 8.633 14.129
21.7153 17.014 nan 17.548 8.923 13.964
21.7222 17.044 nan 17.482 9.208 13.794
21.7292 17.071 nan 17.413 9.489 13.621
21.7361 17.094 nan 17.340 9.765 13.443
21.7431 17.114 nan 17.264 10.036 13.261
21.7500 17.131 nan 17.184 10.301 13.075
21.7569 17.145 nan 17.101 10.561 12.884
21.7639 17.156 nan 17.015 10.816 12.690
21.7708 17.163 nan 16.924 11.066 12.491
21.7778 17.167 nan 16.831 11.310 12.287
21.7847 17.168 nan 16.733 11.549 12.080
21.7917 17.166 nan 16.632 11.783 11.868
21.7986 17.160 nan 16.527 12.012 11.652
21.8056 17.152 nan 16.419 12.236 11.431
21.8125 17.140 nan 16.307 12.455 11.206
21.8194 17.125 nan 16.191 12.669 10.976
21.8264 17.107 nan 16.071 12.878 10.743
21.8333 17.085 nan 15.948 13.082 10.505
21.8403 17.060 nan 15.821 13.281 10.263
21.8472 17.033 nan 15.689 13.476 10.016
21.8542 17.001 nan 15.554 13.666 9.766
21.8611 16.967 nan 15.415 13.851 9.512
21.8681 16.929 nan 15.272 14.032 9.255
21.8750 16.888 nan 15.125 14.209 8.994
21.8819 16.844 nan 14.973 14.380 8.731
21.8889 16.797 nan 14.818 14.548 8.465
21.8958 16.746 nan 14.658 14.711 8.198
21.9028 16.692 8.436 14.494 14.870 nan
21.9097 16.634 8.676 14.326 15.025 nan
21.9167 16.574 8.916 14.154 15.176 nan
21.9236 16.510 9.154 13.977 15.322 nan
21.9306 16.442 9.391 13.795 15.465 nan
21.9375 16.371 9.625 13.610 15.603 nan
21.9444 16.297 9.856 13.419 15.738 nan
21.9514 16.219 10.085 13.224 15.868 nan
21.9583 16.138 10.311 13.024 15.995 nan
21.9653 16.054 10.534 12.820 16.118 nan
21.9722 15.966 10.753 12.610 16.237 nan
21.9792 15.875 10.968 12.396 16.352 nan
21.9861 15.780 11.181 12.177 16.463 nan
21.9931 15.681 11.389 11.953 16.571 nan
22.0000 15.579 11.594 11.724 16.675 nan
22.0069 15.474 11.795 11.490 16.776 nan
22.0139 15.364 11.992 11.251 16.872 nan
22.0208 15.252 12.185 11.007 16.965 nan
22.0278 15.135 12.374 10.757 17.055 nan
22.0347 15.015 12.560 10.503 17.141 nan
22.0417 14.891 12.742 10.243 17.223 nan
22.0486 14.764 12.920 9.978 17.302 nan
22.0556 14.633 13.094 9.708 17.378 nan
22.0625 14.498 13.264 9.434 17.450 nan
22.0694 14.359 13.430 9.155 17.518 nan
22.0764 14.217 13.593 8.871 17.583 nan
22.0833 14.070 13.752 8.583 17.645 nan
22.0903 13.920 13.907 8.291 17.703 nan
22.0972 13.766 14.058 7.996 17.758 nan
22.1042 13.608 14.205 7.699 17.809 nan
22.1111 13.446 14.349 nan 17.858 7.643
22.1181 13.280 14.490 nan 17.903 7.913
22.1250 13.110 14.626 nan 17.944 8.182
22.1319 12.936 14.759 nan 17.982 8.451
22.1389 12.759 14.888 nan 18.017 8.717
22.1458 12.577 15.014 nan 18.049 8.981
22.1528 12.391 15.136 nan 18.077 9.242
22.1597 12.201 15.254 nan 18.102 9.500
22.1667 12.006 15.369 nan 18.124 9.754
22.1736 11.808 15.481 nan 18.142 10.004
22.1806 11.606 15.589 nan 18.157 10.250
22.1875 11.400 15.693 nan 18.169 10.492
22.1944 11.190 15.794 nan 18.178 10.729
22.2014 10.976 15.892 nan 18.183 10.963
22.2083 10.758 15.986 nan 18.185 11.191
22.2153 10.536 16.077 nan 18.184 11.416
22.2222 10.310 16.164 nan 18.180 11.635
22.2292 10.081 16.248 nan 18.172 11.851
22.2361 9.848 16.329 nan 18.161 12.062
22.2431 9.613 16.406 nan 18.147 12.268
22.2500 9.374 16.480 nan 18.130 12.470
22.2569 9.133 16.551 nan 18.109 12.667
22.2639 8.889 16.618 nan 18.085 12.861
22.2708 8.644 16.682 nan 18.058 13.049
22.2778 8.397 16.743 nan 18.027 13.234
22.2847 8.150 16.800 6.729 17.994 13.414
22.2917 7.903 16.855 7.031 17.956 13.590
22.2986 7.658 16.906 7.334 17.916 13.761
22.3056 nan 16.953 7.637 17.872 13.929
22.3125 nan 16.998 7.937 17.825 14.092
22.3194 nan 17.039 8.236 17.775 14.251
22.3264 nan 17.077 8.530 17.721 14.406
22.3333 nan 17.112 8.821 17.664 14.557
22.3403 nan 17.144 9.107 17.603 14.704
22.3472 nan 17.172 9.389 17.540 14.847
22.3542 nan 17.197 9.666 17.472 14.986
22.3611 nan 17.219 9.937 17.401 15.121
22.3681 nan 17.238 10.204 17.327 15.253
22.3750 nan 17.254 10.465 17.250 15.380
22.3819 nan 17.266 10.721 17.168 15.504
22.3889 nan 17.276 10.972 17.084 15.624
22.3958 nan 17.282 11.218 16.996 15.740
22.4028 nan 17.284 11.458 16.904 15.852
22.4097 nan 17.284 11.693 16.809 15.961
22.4167 nan 17.281 11.923 16.710 16.066
22.4236 nan 17.274 12.148 16.607 16.167
22.4306 nan 17.264 12.368 16.501 16.265
22.4375 nan 17.251 12.583 16.391 16.359
22.4444 nan 17.234 12.793 16.277 16.449
22.4514 nan 17.215 12.998 16.160 16.536
22.4583 nan 17.192 13.199 16.039 16.620
22.4653 nan 17.166 13.394 15.914 16.700
22.4722 nan 17.137 13.585 15.785 16.776
22.4792 nan 17.104 13.772 15.652 16.849
22.4861 nan 17.068 13.953 15.516 16.919
22.4931 nan 17.029 14.131 15.375 16.985
22.5000 nan 16.987 14.304 15.230 17.048
22.5069 nan 16.941 14.472 15.082 17.107
22.5139 nan 16.892 14.636 14.929 17.163
22.5208 8.327 16.840 14.796 14.772 17.215
22.5278 8.572 16.785 14.952 14.611 17.265
22.5347 8.816 16.726 15.103 14.445 17.310
22.5417 9.058 16.664 15.251 14.276 17.353
22.5486 9.299 16.598 15.394 14.102 17.392
22.5556 9.537 16.529 15.533 13.923 17.428
22.5625 9.773 16.457 15.668 13.740 17.460
22.5694 10.006 16.381 15.800 13.553 17.489
22.5764 10.236 16.302 15.927 13.361 17.515
22.5833 10.463 16.219 16.050 13.164 17.538
22.5903 10.686 16.133 16.170 12.963 17.557
22.5972 10.905 16.044 16.286 12.757 17.573
22.6042 11.121 15.951 16.398 12.546 17.586
22.6111 11.333 15.854 16.506 12.331 17.596
22.6181 11.541 15.754 16.611 12.110 17.602
22.6250 11.746 15.650 16.712 11.885 17.605
22.6319 11.946 15.543 16.809 11.655 17.604
22.6389 12.143 15.432 16.903 11.419 17.601
22.6458 12.335 15.318 16.993 11.179 17.594
22.6528 12.524 15.199 17.079 10.933 17.584
22.6597 12.709 15.078 17.162 10.682 17.571
22.6667 12.890 14.952 17.242 10.426 17.554
22.6736 13.067 14.823 17.318 10.166 17.534
22.6806 13.240 14.689 17.390 9.900 17.511
22.6875 13.409 14.552 17.459 9.629 17.485
22.6944 13.574 14.412 17.525 9.353 17.455
22.7014 13.736 14.267 17.587 9.073 17.423
22.7083 13.893 14.118 17.646 8.789 17.386
22.7153 14.047 13.966 17.701 8.500 17.347
22.7222 14.197 13.809 17.753 8.208 17.304
22.7292 14.344 13.649 17.802 7.913 17.258
22.7361 14.486 13.484 17.847 nan 17.209
22.7431 14.625 13.316 17.889 nan 17.156
22.7500 14.760 13.143 17.927 nan 17.100
22.7569 14.892 12.967 17.963 nan 17.041
22.7639 15.020 12.786 17.995 nan 16.978
22.7708 15.144 12.601 18.023 nan 16.912
22.7778 15.265 12.412 18.049 nan 16.842
22.7847 15.382 12.219 18.071 nan 16.770
22.7917 15.496 12.021 18.090 nan 16.693
22.7986 15.606 11.820 18.105 nan 16.614
22.8056 15.713 11.614 18.117 nan 16.531
22.8125 15.816 11.404 18.126 nan 16.444
22.8194 15.915 11.190 18.132 nan 16.354
22.8264 16.012 10.972 18.135 nan 16.260
22.8333 16.104 10.750 18.134 nan 16.163
22.8403 16.194 10.523 18.130 nan 16.063
22.8472 16.280 10.293 18.123 nan 15.959
22.8542 16.363 10.059 18.112 nan 15.851
22.8611 16.442 9.821 18.098 nan 15.740
22.8681 16.518 9.580 18.081 nan 15.625
22.8750 16.590 9.336 18.061 nan 15.506
22.8819 16.660 9.089 18.037 nan 15.384
22.8889 16.726 8.840 18.011 nan 15.258
22.8958 16.788 8.588 17.981 nan 15.128
22.9028 16.848 8.335 17.947 nan 14.995
22.9097 16.904 8.081 17.910 nan 14.858
22.9167 16.957 7.827 17.870 6.813 14.717
22.9236 17.007 7.575 17.827 7.115 14.572
22.9306 17.053 nan 17.780 7.417 14.424
22.9375 17.096 nan 17.731 7.719 14.271
22.9444 17.136 nan 17.677 8.019 14.115
22.9514 17.173 nan 17.621 8.316 13.954
22.9583 17.207 nan 17.561 8.609 13.790
22.9653 17.237 nan 17.497 8.898 13.621
22.9722 17.264 nan 17.430 9.183 13.449
22.9792 17.288 nan 17.360 9.463 13.272
22.9861 17.309 nan 17.286 9.738 13.092
22.9931 17.327 nan 17.209 10.008 12.907
23.0000 17.341 nan 17.129 10.273 12.718
23.0069 17.352 nan 17.045 10.532 12.525
23.0139 17.360 nan 16.957 10.787 12.328
23.0208 17.365 nan 16.866 11.036 12.127
23.0278 17.367 nan 16.771 11.279 11.921
23.0347 17.365 nan 16.673 11.518 11.712
23.0417 17.360 nan 16.571 11.752 11.497
23.0486 17.352 nan 16.466 11.980 11.279
23.0556 17.341 nan 16.357 12.203 11.057
23.0625 17.327 nan 16.244 12.421 10.830
23.0694 17.309 nan 16.127 12.635 10.600
23.0764 17.288 nan 16.007 12.843 10.366
23.0833 17.264 nan 15.883 13.047 10.127
23.0903 17.237 nan 15.755 13.245 9.886
23.0972 17.207 nan 15.623 13.439 9.640
23.1042 17.173 nan 15.487 13.629 9.391
23.1111 17.136 nan 15.348 13.814 9.140
23.1181 17.096 nan 15.204 13.994 8.886
23.1250 17.052 nan 15.056 14.170 8.629
23.1319 17.005 nan 14.905 14.341 8.371
23.1389 16.955 8.159 14.749 14.508 8.112
23.1458 16.902 8.411 14.589 14.671 nan
23.1528 16.845 8.662 14.425 14.829 nan
23.1597 16.785 8.911 14.256 14.983 nan
23.1667 16.722 9.159 14.084 15.133 nan
23.1736 16.655 9.404 13.907 15.279 nan
23.1806 16.585 9.647 13.725 15.421 nan
23.1875 16.511 9.887 13.540 15.558 nan
23.1944 16.434 10.123 13.349 15.692 nan
23.2014 16.354 10.356 13.154 15.822 nan
23.2083 16.270 10.585 12.955 15.948 nan
23.2153 16.183 10.810 12.751 16.070 nan
23.2222 16.092 11.032 12.542 16.188 nan
23.2292 15.998 11.250 12.329 16.302 nan
23.2361 15.900 11.463 12.110 16.413 nan
23.2431 15.798 11.673 11.887 16.520 nan
23.2500 15.693 11.879 11.659 16.623 nan
23.2569 15.585 12.081 11.426 16.722 nan
23.2639 15.473 12.278 11.188 16.818 nan
23.2708 15.357 12.472 10.945 16.910 nan
23.2778 15.237 12.661 10.697 16.999 nan
23.2847 15.114 12.846 10.445 17.084 nan
23.2917 14.987 13.028 10.187 17.165 nan
23.2986 14.856 13.205 9.925 17.243 nan
23.3056 14.721 13.379 9.657 17.318 nan
23.3125 14.583 13.548 9.385 17.389 nan
23.3194 14.440 13.714 9.109 17.456 nan
23.3264 14.294 13.875 8.829 17.520 nan
23.3333 14.144 14.033 8.545 17.581 nan
23.3403 13.990 14.187 8.257 17.638 nan
23.3472 13.832 14.337 7.967 17.692 nan
23.3542 13.669 14.483 nan 17.743 nan
23.3611 13.503 14.625 nan 17.790 7.969
23.3681 13.333 14.764 nan 17.833 8.229
23.3750 13.158 14.899 nan 17.874 8.488
23.3819 12.980 15.030 nan 17.911 8.746
23.3889 12.797 15.158 nan 17.945 9.002
23.3958 12.610 15.282 nan 17.975 9.255
23.4028 12.419 15.402 nan 18.002 9.505
23.4097 12.224 15.519 nan 18.026 9.753
23.4167 12.024 15.632 nan 18.047 9.996
23.4236 11.820 15.742 nan 18.064 10.236
23.4306 11.612 15.848 nan 18.078 10.473
23.4375 11.399 15.951 nan 18.089 10.705
23.4444 11.183 16.050 nan 18.096 10.933
23.4514 10.962 16.146 nan 18.100 11.157
23.4583 10.737 16.238 nan 18.101 11.377
23.4653 10.507 16.327 nan 18.099 11.593
23.4722 10.274 16.412 nan 18.093 11.804
23.4792 10.037 16.495 nan 18.085 12.011
23.4861 9.796 16.573 nan 18.072 12.214
23.4931 9.551 16.649 nan 18.057 12.412
23.5000 9.303 16.721 nan 18.038 12.607
23.5069 9.053 16.789 nan 18.017 12.797
23.5139 8.799 16.855 nan 17.991 12.983
23.5208 8.543 16.917 nan 17.963 13.165
23.5278 8.286 16.976 nan 17.931 13.342
23.5347 8.028 17.031 6.754 17.896 13.516
23.5417 7.770 17.083 7.050 17.858 13.685
23.5486 7.513 17.132 7.347 17.816 13.850
23.5556 nan 17.178 7.644 17.771 14.011
23.5625 nan 17.221 7.940 17.723 14.169
23.5694 nan 17.260 8.234 17.672 14.322
23.5764 nan 17.296 8.524 17.617 14.471
23.5833 nan 17.329 8.811 17.558 14.616
23.5903 nan 17.359 9.093 17.497 14.758
23.5972 nan 17.385 9.371 17.432 14.895
23.6042 nan 17.408 9.645 17.363 15.029
23.6111 nan 17.428 9.913 17.291 15.159
23.6181 nan 17.445 10.177 17.216 15.285
23.6250 nan 17.459 10.436 17.137 15.408
23.6319 nan 17.469 10.689 17.055 15.526
23.6389 nan 17.477 10.937 16.969 15.641
23.6458 nan 17.481 11.181 16.880 15.753
23.6528 nan 17.481 11.419 16.787 15.860
23.6597 nan 17.479 11.652 16.691 15.965
23.6667 nan 17.474 11.880 16.591 16.065
23.6736 nan 17.465 12.103 16.488 16.162
23.6806 nan 17.453 12.321 16.381 16.255
23.6875 nan 17.438 12.534 16.270 16.345
23.6944 nan 17.420 12.742 16.155 16.431
23.7014 nan 17.398 12.946 16.037 16.514
23.7083 nan 17.373 13.145 15.915 16.594
23.7153 nan 17.345 13.339 15.789 16.669
23.7222 nan 17.314 13.528 15.660 16.742
23.7292 nan 17.280 13.713 15.526 16.811
23.7361 nan 17.242 13.893 15.389 16.876
23.7431 nan 17.201 14.069 15.248 16.939
23.7500 nan 17.157 14.241 15.102 16.997
23.7569 nan 17.109 14.408 14.953 17.053
23.7639 8.220 17.058 14.570 14.800 17.105
23.7708 8.476 17.004 14.729 14.642 17.154
23.7778 8.730 16.947 14.883 14.481 17.199
23.7847 8.983 16.886 15.034 14.315 17.241
23.7917 9.234 16.822 15.180 14.145 17.280
23.7986 9.482 16.754 15.322 13.971 17.316
23.8056 9.727 16.683 15.459 13.793 17.348
23.8125 9.968 16.609 15.593 13.610 17.377
23.8194 10.206 16.531 15.723 13.422 17.402
23.8264 10.441 16.450 15.849 13.231 17.425
23.8333 10.671 16.365 15.972 13.034 17.444
23.8403 10.898 16.277 16.090 12.833 17.459
23.8472 11.121 16.185 16.205 12.628 17.472
23.8542 11.339 16.090 16.315 12.418 17.481
23.8611 11.554 15.992 16.422 12.203 17.487
23.8681 11.764 15.889 16.526 11.983 17.490
23.8750 11.970 15.783 16.625 11.759 17.489
23.8819 12.172 15.674 16.721 11.530 17.486
23.8889 12.370 15.561 16.814 11.296 17.479
23.8958 12.564 15.444 16.903 11.057 17.468
23.9028 12.753 15.323 16.988 10.813 17.455
23.9097 12.939 15.199 17.070 10.564 17.438
23.9167 13.120 15.071 17.148 10.311 17.418
23.9236 13.298 14.939 17.222 10.053 17.394
23.9306 13.471 14.803 17.293 9.790 17.368
23.9375 13.640 14.664 17.361 9.522 17.338
23.9444 13.805 14.520 17.425 9.251 17.305
23.9514 13.967 14.373 17.486 8.975 17.268
23.9583 14.124 14.221 17.544 8.695 17.229
23.9653 14.278 14.066 17.598 8.412 17.185
23.9722 14.427 13.907 17.648 8.126 17.139
23.9792 14.573 13.743 17.695 nan 17.089
23.9861 14.715 13.576 17.739 nan 17.036
23.9931 14.854 13.404 17.780 nan 16.980
24.0000 14.988 13.228 17.817 nan 16.920
24.0069 15.119 13.048 17.851 nan 16.857
24.0139 15.246 12.863 17.882 nan 16.791
24.0208 15.369 12.675 17.909 nan 16.721
24.0278 15.489 12.482 17.933 nan 16.647
24.0347 15.606 12.285 17.953 nan 16.571
24.0417 15.718 12.083 17.971 nan 16.490
24.0486 15.827 11.877 17.985 nan 16.407
24.0556 15.933 11.667 17.996 nan 16.320
24.0625 16.035 11.452 18.004 nan 16.229
24.0694 16.133 11.233 18.008 nan 16.135
24.0764 16.229 11.009 18.009 nan 16.038
24.0833 16.320 10.782 18.007 nan 15.937
24.0903 16.408 10.550 18.001 nan 15.832
24.0972 16.493 10.314 17.993 nan 15.723
24.1042 16.574 10.073 17.981 nan 15.611
24.1111 16.653 9.829 17.965 nan 15.496
24.1181 16.727 9.581 17.947 nan 15.377
24.1250 16.799 9.329 17.925 nan 15.254
24.1319 16.867 9.074 17.900 nan 15.127
24.1389 16.931 8.816 17.872 nan 14.997
24.1458 16.993 8.556 17.840 nan 14.863
24.1528 17.051 8.294 17.805 nan 14.725
24.1597 17.106 8.030 17.767 nan 14.583
24.1667 17.157 7.766 17.726 6.886 14.437
24.1736 17.205 7.503 17.681 7.178 14.288
24.1806 17.250 nan 17.633 7.472 14.134
24.1875 17.292 nan 17.581 7.765 13.977
24.1944 17.331 nan 17.527 8.057 13.816
24.2014 17.366 nan 17.468 8.346 13.650
24.2083 17.398 nan 17.407 8.633 13.481
24.2153 17.427 nan 17.342 8.915 13.308
24.2222 17.453 nan 17.274 9.194 13.130
24.2292 17.475 nan 17.202 9.468 12.949
24.2361 17.495 nan 17.127 9.737 12.763
24.2431 17.511 nan 17.048 10.002 12.573
24.2500 17.524 nan 16.966 10.262 12.379
24.2569 17.534 nan 16.881 10.517 12.181
24.2639 17.540 nan 16.792 10.767 11.979
24.2708 17.544 nan 16.700 11.012 11.773
24.2778 17.544 nan 16.603 11.252 11.562
24.2847 17.541 nan 16.504 11.487 11.347
24.2917 17.534 nan 16.401 11.716 11.128
24.2986 17.525 nan 16.294 11.941 10.905
24.3056 17.512 nan 16.183 12.161 10.678
24.3125 17.497 nan 16.069 12.376 10.447
24.3194 17.478 nan 15.951 12.587 10.212
24.3264 17.455 nan 15.830 12.792 9.974
24.3333 17.430 nan 15.704 12.993 9.732
24.3403 17.401 nan 15.575 13.189 9.486
24.3472 17.369 nan 15.442 13.380 9.238
24.3542 17.334 nan 15.306 13.567 8.987
24.3611 17.296 nan 15.165 13.750 8.734
24.3681 17.254 nan 15.020 13.927 8.479
24.3750 17.209 nan 14.872 14.101 8.223
24.3819 17.161 7.973 14.719 14.270 7.966
24.3889 17.110 8.235 14.562 14.435 nan
24.3958 17.055 8.497 14.402 14.595 nan
24.4028 16.997 8.757 14.237 14.751 nan
24.4097 16.935 9.015 14.068 14.904 nan
24.4167 16.870 9.270 13.894 15.052 nan
24.4236 16.802 9.522 13.717 15.195 nan
24.4306 16.731 9.771 13.535 15.335 nan
24.4375 16.656 10.016 13.349 15.471 nan
24.4444 16.577 10.257 13.158 15.603 nan
24.4514 16.496 10.495 12.963 15.731 nan
24.4583 16.410 10.728 12.763 15.855 nan
24.4653 16.321 10.957 12.559 15.975 nan
24.4722 16.229 11.182 12.351 16.091 nan
24.4792 16.133 11.403 12.138 16.204 nan
24.4861 16.034 11.619 11.920 16.313 nan
24.4931 15.931 11.832 11.697 16.418 nan
24.5000 15.825 12.040 11.470 16.519 nan
24.5069 15.715 12.243 11.238 16.617 nan
24.5139 15.601 12.442 11.001 16.711 nan
24.5208 15.483 12.637 10.760 16.802 nan
24.5278 15.362 12.828 10.514 16.888 nan
24.5347 15.237 13.015 10.264 16.972 nan
24.5417 15.108 13.197 10.008 17.052 nan
24.5486 14.976 13.376 9.749 17.128 nan
24.5556 14.840 13.550 9.485 17.201 nan
24.5625 14.699 13.720 9.217 17.270 nan
24.5694 14.555 13.886 8.946 17.336 nan
24.5764 14.407 14.048 8.671 17.398 nan
24.5833 14.255 14.206 8.393 17.457 nan
24.5903 14.099 14.361 8.113 17.513 nan
24.5972 13.939 14.511 nan 17.565 nan
24.6042 13.775 14.657 nan 17.614 8.100
24.6111 13.606 14.800 nan 17.659 8.356
24.6181 13.434 14.938 nan 17.701 8.612
24.6250 13.257 15.073 nan 17.740 8.866
24.6319 13.076 15.204 nan 17.775 9.118
24.6389 12.891 15.332 nan 17.807 9.367
24.6458 12.702 15.456 nan 17.836 9.614
24.6528 12.508 15.576 nan 17.862 9.857
24.6597 12.310 15.692 nan 17.884 10.097
24.6667 12.107 15.805 nan 17.903 10.334
24.6736 11.900 15.914 nan 17.918 10.566
24.6806 11.689 16.020 nan 17.931 10.795
24.6875 11.474 16.122 nan 17.940 11.020
24.6944 11.253 16.220 nan 17.945 11.241
24.7014 11.029 16.316 nan 17.948 11.457
24.7083 10.800 16.407 nan 17.947 11.670
24.7153 10.567 16.495 nan 17.943 11.878
24.7222 10.329 16.580 nan 17.936 12.082
24.7292 10.088 16.662 nan 17.925 12.282
24.7361 9.842 16.740 nan 17.911 12.478
24.7431 9.592 16.814 nan 17.894 12.670
24.7500 9.339 16.885 nan 17.874 12.857
24.7569 9.082 16.953 nan 17.850 13.041
24.7639 8.823 17.018 nan 17.823 13.220
24.7708 8.560 17.079 nan 17.793 13.395
24.7778 8.296 17.137 nan 17.760 13.567
24.7847 8.030 17.192 6.899 17.723 13.734
24.7917 7.764 17.243 7.183 17.683 13.897
24.7986 7.498 17.291 7.470 17.640 14.056
24.8056 nan 17.336 7.756 17.593 14.211
24.8125 nan 17.378 8.042 17.543 14.362
24.8194 nan 17.416 8.326 17.489 14.510
24.8264 nan 17.451 8.607 17.433 14.653
24.8333 nan 17.483 8.885 17.373 14.793
24.8403 nan 17.512 9.159 17.309 14.929
24.8472 nan 17.537 9.429 17.242 15.061
24.8542 nan 17.560 9.695 17.172 15.189
24.8611 nan 17.579 9.956 17.099 15.314
24.8681 nan 17.595 10.213 17.021 15.435
24.8750 nan 17.607 10.465 16.941 15.552
24.8819 nan 17.617 10.712 16.857 15.666
24.8889 nan 17.623 10.955 16.769 15.776
24.8958 nan 17.626 11.192 16.678 15.882
24.9028 nan 17.626 11.425 16.584 15.985
24.9097 nan 17.623 11.653 16.486 16.085
24.9167 nan 17.616 11.876 16.384 16.180
24.9236 nan 17.607 12.094 16.279 16.273
24.9306 nan 17.594 12.308 16.170 16.361
24.9375 nan 17.578 12.516 16.058 16.447
24.9444 nan 17.559 12.720 15.941 16.528
24.9514 nan 17.536 12.920 15.822 16.607
24.9583 nan 17.510 13.115 15.698 16.682
24.9653 nan 17.481 13.305 15.570 16.753
24.9722 nan 17.449 13.490 15.439 16.821
24.9792 nan 17.414 13.672 15.304 16.886
24.9861 nan 17.375 13.849 15.165 16.947
24.9931 nan 17.333 14.021 15.023 17.005
25.0000 7.713 17.288 14.189 14.876 17.060
25.0069 7.979 17.240 14.353 14.725 17.112
25.0139 8.244 17.188 14.513 14.570 17.160
25.0208 8.508 17.133 14.668 14.412 17.204
25.0278 8.770 17.074 14.820 14.249 17.246
25.0347 9.030 17.013 14.967 14.082 17.284
25.0417 9.287 16.948 15.110 13.911 17.319
25.0486 9.541 16.879 15.249 13.735 17.350
25.0556 9.791 16.807 15.384 13.556 17.378
25.0625 10.038 16.732 15.516 13.372 17.403
25.0694 10.280 16.654 15.643 13.184 17.425
25.0764 10.519 16.572 15.766 12.991 17.443
25.0833 10.753 16.486 15.886 12.794 17.459
25.0903 10.984 16.397 16.002 12.592 17.471
25.0972 11.209 16.304 16.114 12.386 17.479
25.1042 11.431 16.208 16.222 12.176 17.485
25.1111 11.648 16.109 16.327 11.961 17.487
25.1181 11.861 16.006 16.428 11.741 17.486
25.1250 12.070 15.899 16.525 11.517 17.481
25.1319 12.274 15.789 16.619 11.288 17.474
25.1389 12.473 15.674 16.709 11.055 17.463
25.1458 12.669 15.557 16.796 10.817 17.449
25.1528 12.860 15.435 16.879 10.574 17.432
25.1597 13.047 15.310 16.958 10.327 17.411
25.1667 13.230 15.181 17.034 10.076 17.387
25.1736 13.408 15.048 17.106 9.820 17.360
25.1806 13.583 14.912 17.175 9.560 17.329
25.1875 13.753 14.771 17.241 9.296 17.296
25.1944 13.919 14.627 17.303 9.029 17.259
25.2014 14.081 14.479 17.362 8.758 17.218
25.2083 14.240 14.326 17.417 8.484 17.175
25.2153 14.394 14.170 17.469 8.208 17.128
25.2222 14.544 14.009 17.517 nan 17.077
25.2292 14.690 13.845 17.562 nan 17.024
25.2361 14.833 13.676 17.604 nan 16.966
25.2431 14.971 13.503 17.642 nan 16.906
25.2500 15.106 13.326 17.677 nan 16.842
25.2569 15.237 13.145 17.709 nan 16.775
25.2639 15.364 12.960 17.738 nan 16.704
25.2708 15.488 12.770 17.763 nan 16.630
25.2778 15.608 12.575 17.785 nan 16.553
25.2847 15.724 12.377 17.803 nan 16.472
25.2917 15.837 12.174 17.819 nan 16.388
25.2986 15.946 11.966 17.831 nan 16.300
25.3056 16.051 11.754 17.839 nan 16.208
25.3125 16.153 11.538 17.845 nan 16.113
25.3194 16.251 11.317 17.847 nan 16.015
25.3264 16.346 11.091 17.846 nan 15.913
25.3333 16.437 10.862 17.842 nan 15.807
25.3403 16.525 10.627 17.834 nan 15.697
25.3472 16.610 10.389 17.823 nan 15.584
25.3542 16.691 10.146 17.809 nan 15.468
25.3611 16.768 9.899 17.792 nan 15.347
25.3681 16.842 9.648 17.771 nan 15.223
25.3750 16.913 9.393 17.747 nan 15.095
25.3819 16.981 9.135 17.720 nan 14.964
25.3889 17.045 8.873 17.689 nan 14.828
25.3958 17.106 8.609 17.656 nan 14.689
25.4028 17.164 8.342 17.618 nan 14.546
25.4097 17.218 8.074 17.578 nan 14.399
25.4167 17.269 7.805 17.534 7.088 14.248
25.4236 17.317 7.535 17.487 7.369 14.092
25.4306 17.361 nan 17.437 7.651 13.933
25.4375 17.402 nan 17.383 7.933 13.770
25.4444 17.440 nan 17.326 8.214 13.603
25.4514 17.475 nan 17.266 8.492 13.432
25.4583 17.507 nan 17.202 8.768 13.257
25.4653 17.535 nan 17.135 9.041 13.077
25.4722 17.560 nan 17.065 9.310 12.894
25.4792 17.582 nan 16.991 9.575 12.706
25.4861 17.601 nan 16.913 9.836 12.514
25.4931 17.616 nan 16.833 10.092 12.317
25.5000 17.628 nan 16.748 10.344 12.117
25.5069 17.637 nan 16.660 10.591 11.912
25.5139 17.643 nan 16.569 10.834 11.703
25.5208 17.646 nan 16.474 11.072 11.489
25.5278 17.646 nan 16.376 11.305 11.272
25.5347 17.642 nan 16.274 11.533 11.050
25.5417 17.635 nan 16.169 11.757 10.823
25.5486 17.625 nan 16.060 11.976 10.593
25.5556 17.612 nan 15.947 12.190 10.359
25.5625 17.595 nan 15.830 12.399 10.121
25.5694 17.576 nan 15.710 12.604 9.879
25.5764 17.553 nan 15.586 12.804 9.633
25.5833 17.527 nan 15.459 13.000 9.384
25.5903 17.497 nan 15.327 13.191 9.132
25.5972 17.465 nan 15.192 13.378 8.877
25.6042 17.429 nan 15.053 13.560 8.620
25.6111 17.390 nan 14.910 13.738 8.361
25.6181 17.348 nan 14.763 13.911 8.101
25.6250 17.302 7.676 14.613 14.081 7.841
25.6319 17.253 7.946 14.458 14.246 nan
25.6389 17.201 8.215 14.299 14.406 nan
25.6458 17.146 8.483 14.136 14.563 nan
25.6528 17.087 8.748 13.969 14.716 nan
25.6597 17.025 9.012 13.798 14.864 nan
25.6667 16.960 9.272 13.623 15.008 nan
25.6736 16.891 9.529 13.444 15.149 nan
25.6806 16.819 9.782 13.260 15.285 nan
25.6875 16.744 10.031 13.072 15.417 nan
25.6944 16.665 10.276 12.880 15.546 nan
25.7014 16.582 10.517 12.683 15.671 nan
25.7083 16.497 10.753 12.482 15.791 nan
25.7153 16.407 10.986 12.277 15.908 nan
25.7222 16.315 11.214 12.067 16.022 nan
25.7292 16.218 11.437 11.853 16.131 nan
25.7361 16.119 11.656 11.634 16.237 nan
25.7431 16.015 11.871 11.410 16.339 nan
25.7500 15.908 12.080 11.183 16.438 nan
25.7569 15.798 12.286 10.950 16.533 nan
25.7639 15.683 12.487 10.714 16.624 nan
25.7708 15.566 12.684 10.473 16.711 nan
25.7778 15.444 12.876 10.227 16.796 nan
25.7847 15.319 13.065 9.978 16.876 nan
25.7917 15.190 13.249 9.724 16.953 nan
25.7986 15.057 13.428 9.467 17.027 nan
25.8056 14.920 13.604 9.206 17.097 nan
25.8125 14.779 13.775 8.942 17.164 nan
25.8194 14.635 13.942 8.674 17.227 nan
25.8264 14.487 14.105 8.405 17.287 nan
25.8333 14.334 14.264 8.133 17.343 nan
25.8403 14.178 14.419 nan 17.396 nan
25.8472 14.017 14.570 nan 17.446 8.214
25.8542 13.853 14.717 nan 17.492 8.473
25.8611 13.684 14.860 nan 17.535 8.730
25.8681 13.511 14.999 nan 17.574 8.986
25.8750 13.334 15.134 nan 17.611 9.239
25.8819 13.153 15.266 nan 17.644 9.489
25.8889 12.968 15.394 nan 17.673 9.736
25.8958 12.778 15.518 nan 17.699 9.980
25.9028 12.584 15.638 nan 17.722 10.220
25.9097 12.385 15.755 nan 17.742 10.456
25.9167 12.182 15.868 nan 17.758 10.689
25.9236 11.975 15.977 nan 17.772 10.917
25.9306 11.763 16.083 nan 17.781 11.142
25.9375 11.547 16.185 nan 17.788 11.362
25.9444 11.327 16.284 nan 17.791 11.578
25.9514 11.102 16.379 nan 17.791 11.790
25.9583 10.872 16.470 nan 17.788 11.997
25.9653 10.638 16.558 nan 17.781 12.201
25.9722 10.400 16.643 nan 17.772 12.400
25.9792 10.157 16.724 nan 17.759 12.595
25.9861 9.911 16.802 nan 17.742 12.786
25.9931 9.660 16.877 nan 17.723 12.973
26.0000 9.406 16.948 nan 17.700 13.155
26.0069 9.148 17.015 nan 17.674 13.334
26.0139 8.887 17.080 nan 17.644 13.508
26.0208 8.623 17.141 nan 17.611 13.678
26.0278 8.357 17.198 nan 17.575 13.845
26.0347 8.089 17.253 nan 17.536 14.007
26.0417 7.820 17.304 7.439 17.494 14.165
26.0486 nan 17.352 7.715 17.448 14.320
26.0556 nan 17.396 7.991 17.398 14.470
26.0625 nan 17.438 8.265 17.346 14.617
26.0694 nan 17.476 8.538 17.290 14.759
26.0764 nan 17.510 8.809 17.230 14.898
26.0833 nan 17.542 9.077 17.168 15.033
26.0903 nan 17.570 9.341 17.102 15.165
26.0972 nan 17.595 9.601 17.032 15.292
26.1042 nan 17.617 9.858 16.959 15.416
26.1111 nan 17.636 10.110 16.883 15.537
26.1181 nan 17.652 10.358 16.803 15.653
26.1250 nan 17.664 10.601 16.720 15.766
26.1319 nan 17.673 10.841 16.633 15.876
26.1389 nan 17.679 11.075 16.543 15.981
26.1458 nan 17.682 11.305 16.449 16.084
26.1528 nan 17.681 11.530 16.352 16.182
26.1597 nan 17.678 11.751 16.251 16.277
26.1667 nan 17.671 11.967 16.147 16.369
26.1736 nan 17.661 12.178 16.039 16.457
26.1806 nan 17.647 12.385 15.927 16.542
26.1875 nan 17.631 12.588 15.812 16.623
26.1944 nan 17.611 12.786 15.693 16.701
26.2014 nan 17.588 12.979 15.570 16.775
26.2083 nan 17.562 13.168 15.444 16.846
26.2153 nan 17.533 13.353 15.313 16.914
26.2222 nan 17.501 13.533 15.179 16.978
26.2292 nan 17.465 13.709 15.041 17.039
26.2361 nan 17.426 13.881 14.900 17.097
26.2431 7.391 17.384 14.048 14.754 17.151
26.2500 7.660 17.338 14.211 14.605 17.202
26.2569 7.929 17.289 14.371 14.451 17.250
26.2639 8.199 17.237 14.526 14.294 17.294
26.2708 8.467 17.182 14.677 14.132 17.335
26.2778 8.733 17.123 14.823 13.966 17.373
26.2847 8.996 17.061 14.966 13.797 17.407
26.2917 9.256 16.996 15.105 13.623 17.438
26.2986 9.513 16.927 15.240 13.445 17.466
26.3056 9.766 16.855 15.371 13.262 17.491
26.3125 10.016 16.780 15.499 13.076 17.512
26.3194 10.261 16.701 15.622 12.885 17.530
26.3264 10.502 16.618 15.742 12.690 17.545
26.3333 10.738 16.533 15.858 12.490 17.557
26.3403 10.971 16.444 15.970 12.287 17.565
26.3472 11.199 16.351 16.078 12.078 17.571
26.3542 11.422 16.255 16.183 11.866 17.573
26.3611 11.641 16.155 16.284 11.649 17.571
26.3681 11.856 16.052 16.382 11.427 17.567
26.3750 12.066 15.945 16.476 11.201 17.559
26.3819 12.271 15.835 16.566 10.971 17.548
26.3889 12.472 15.720 16.653 10.736 17.533
26.3958 12.669 15.603 16.736 10.498 17.516
26.4028 12.862 15.481 16.815 10.254 17.495
26.4097 13.050 15.356 16.892 10.007 17.471
26.4167 13.234 15.227 16.964 9.756 17.444
26.4236 13.413 15.095 17.034 9.501 17.413
26.4306 13.588 14.958 17.099 9.242 17.379
26.4375 13.760 14.818 17.162 8.980 17.342
26.4444 13.926 14.674 17.221 8.716 17.301
26.4514 14.089 14.525 17.276 8.449 17.257
26.4583 14.248 14.373 17.329 8.180 17.210
26.4653 14.403 14.217 17.377 nan 17.159
26.4722 14.554 14.057 17.423 nan 17.105
26.4792 14.701 13.893 17.465 nan 17.048
26.4861 14.843 13.724 17.504 nan 16.987
26.4931 14.982 13.552 17.539 nan 16.923
26.5000 15.118 13.375 17.572 nan 16.856
26.5069 15.249 13.194 17.600 nan 16.785
26.5139 15.377 13.009 17.626 nan 16.710
26.5208 15.500 12.820 17.648 nan 16.633
26.5278 15.620 12.626 17.667 nan 16.551
26.5347 15.737 12.428 17.683 nan 16.467
26.5417 15.850 12.226 17.695 nan 16.378
26.5486 15.959 12.019 17.704 nan 16.286
26.5556 16.064 11.807 17.710 nan 16.191
26.5625 16.166 11.592 17.713 nan 16.092
26.5694 16.264 11.371 17.712 nan 15.989
26.5764 16.359 11.147 17.708 nan 15.883
26.5833 16.451 10.918 17.701 nan 15.773
26.5903 16.539 10.684 17.690 nan 15.659
26.5972 16.623 10.447 17.677 nan 15.542
26.6042 16.704 10.205 17.660 nan 15.421
26.6111 16.781 9.959 17.639 nan 15.296
26.6181 16.856 9.709 17.616 nan 15.168
26.6250 16.926 9.455 17.589 nan 15.035
26.6319 16.994 9.197 17.559 nan 14.899
26.6389 17.058 8.937 17.525 nan 14.758
26.6458 17.118 8.673 17.489 nan 14.614
26.6528 17.176 8.407 17.449 nan 14.466
26.6597 17.230 8.139 17.405 nan 14.314
26.6667 17.281 7.871 17.359 7.397 14.158
26.6736 17.328 nan 17.309 7.669 13.997
26.6806 17.372 nan 17.255 7.942 13.833
26.6875 17.413 nan 17.199 8.214 13.664
26.6944 17.451 nan 17.139 8.485 13.492
26.7014 17.485 nan 17.075 8.753 13.315
26.7083 17.517 nan 17.008 9.019 13.133
26.7153 17.545 nan 16.938 9.282 12.948
26.7222 17.569 nan 16.864 9.542 12.758
26.7292 17.591 nan 16.787 9.797 12.564
26.7361 17.609 nan 16.707 10.048 12.365
26.7431 17.625 nan 16.623 10.296 12.162
26.7500 17.636 nan 16.535 10.539 11.955
26.7569 17.645 nan 16.444 10.777 11.743
26.7639 17.651 nan 16.350 11.012 11.527
26.7708 17.653 nan 16.252 11.241 11.306
26.7778 17.652 nan 16.150 11.467 11.081
26.7847 17.648 nan 16.045 11.687 10.851
26.7917 17.641 nan 15.936 11.903 10.617
26.7986 17.631 nan 15.824 12.115 10.379
26.8056 17.617 nan 15.708 12.322 10.136
26.8125 17.600 nan 15.588 12.525 9.890
26.8194 17.580 nan 15.464 12.723 9.639
26.8264 17.557 nan 15.337 12.917 9.385
26.8333 17.531 nan 15.206 13.106 9.127
26.8403 17.501 nan 15.071 13.291 8.867
26.8472 17.468 nan 14.932 13.472 8.603
26.8542 17.432 nan 14.790 13.648 8.337
26.8611 17.393 nan 14.643 13.820 8.070
26.8681 17.350 7.341 14.493 13.988 7.802
26.8750 17.305 7.611 14.339 14.152 7.534
26.8819 17.255 7.882 14.180 14.312 nan
26.8889 17.203 8.153 14.018 14.468 nan
26.8958 17.147 8.422 13.852 14.619 nan
26.9028 17.089 8.689 13.681 14.767 nan
26.9097 17.026 8.954 13.507 14.910 nan
26.9167 16.961 9.215 13.328 15.050 nan
26.9236 16.892 9.474 13.145 15.186 nan
26.9306 16.820 9.728 12.958 15.317 nan
26.9375 16.744 9.978 12.766 15.445 nan
26.9444 16.665 10.225 12.570 15.569 nan
26.9514 16.582 10.467 12.370 15.690 nan
26.9583 16.496 10.705 12.166 15.806 nan
26.9653 16.407 10.938 11.957 15.919 nan
26.9722 16.314 11.167 11.744 16.029 nan
26.9792 16.218 11.392 11.527 16.134 nan
26.9861 16.118 11.611 11.305 16.236 nan
26.9931 16.015 11.827 11.079 16.334 nan
27.0000 15.908 12.038 10.848 16.429 nan
27.0069 15.798 12.244 10.614 16.520 nan
27.0139 15.683 12.446 10.375 16.608 nan
27.0208 15.566 12.644 10.132 16.692 nan
27.0278 15.444 12.837 9.885 16.772 nan
27.0347 15.319 13.026 9.635 16.849 nan
27.0417 15.190 13.210 9.380 16.923 nan
27.0486 15.058 13.390 9.123 16.993 nan
27.0556 14.921 13.566 8.863 17.059 nan
27.0625 14.781 13.738 8.600 17.123 nan
27.0694 14.637 13.906 8.335 17.182 nan
27.0764 14.489 14.069 nan 17.239 nan
27.0833 14.337 14.229 nan 17.292 7.987
27.0903 14.181 14.384 nan 17.341 8.253
27.0972 14.021 14.535 nan 17.388 8.518
27.1042 13.857 14.682 nan 17.431 8.781
27.1111 13.689 14.826 nan 17.470 9.041
27.1181 13.517 14.965 nan 17.507 9.299
27.1250 13.341 15.101 nan 17.540 9.553
27.1319 13.161 15.233 nan 17.569 9.804
27.1389 12.976 15.361 nan 17.596 10.052
27.1458 12.787 15.485 nan 17.619 10.295
27.1528 12.594 15.605 nan 17.639 10.535
27.1597 12.396 15.722 nan 17.655 10.770
27.1667 12.195 15.835 nan 17.668 11.001
27.1736 11.989 15.944 nan 17.678 11.228
27.1806 11.778 16.050 nan 17.685 11.450
27.1875 11.563 16.152 nan 17.688 11.668
27.1944 11.344 16.251 nan 17.689 11.882
27.2014 11.121 16.346 nan 17.685 12.092
27.2083 10.893 16.438 nan 17.679 12.297
27.2153 10.661 16.526 nan 17.669 12.497
27.2222 10.424 16.610 nan 17.656 12.694
27.2292 10.184 16.691 nan 17.640 12.886
27.2361 9.940 16.769 nan 17.621 13.074
27.2431 9.691 16.843 nan 17.598 13.258
27.2500 9.439 16.914 nan 17.572 13.437
27.2569 9.184 16.982 nan 17.542 13.613
27.2639 8.926 17.046 nan 17.510 13.784
27.2708 8.665 17.107 nan 17.474 13.951
27.2778 8.401 17.164 nan 17.434 14.114
27.2847 8.137 17.219 7.512 17.392 14.273
27.2917 nan 17.269 7.780 17.346 14.429
27.2986 nan 17.317 8.049 17.297 14.580
27.3056 nan 17.361 8.317 17.244 14.727
27.3125 nan 17.402 8.583 17.188 14.870
27.3194 nan 17.440 8.848 17.129 15.010
27.3264 nan 17.475 9.109 17.066 15.146
27.3333 nan 17.506 9.368 17.000 15.277
27.3403 nan 17.534 9.623 16.931 15.406
27.3472 nan 17.559 9.875 16.858 15.530
27.3542 nan 17.580 10.123 16.781 15.651
27.3611 nan 17.599 10.367 16.702 15.768
27.3681 nan 17.614 10.606 16.618 15.881
27.3750 nan 17.626 10.841 16.532 15.991
27.3819 nan 17.635 11.072 16.441 16.097
27.3889 nan 17.641 11.299 16.348 16.200
27.3958 nan 17.643 11.521 16.250 16.299
27.4028 nan 17.642 11.739 16.149 16.394
27.4097 nan 17.638 11.952 16.045 16.486
27.4167 nan 17.631 12.161 15.937 16.575
27.4236 nan 17.621 12.365 15.825 16.660
27.4306 nan 17.607 12.565 15.710 16.742
27.4375 nan 17.590 12.761 15.590 16.820
27.4444 nan 17.570 12.952 15.468 16.895
27.4514 nan 17.547 13.139 15.341 16.966
27.4583 nan 17.521 13.322 15.211 17.034
27.4653 nan 17.491 13.500 15.076 17.099
27.4722 nan 17.458 13.675 14.938 17.160
27.4792 nan 17.422 13.845 14.796 17.218
27.4861 nan 17.383 14.011 14.651 17.272
27.4931 7.340 17.341 14.172 14.501 17.324
27.5000 7.607 17.295 14.330 14.347 17.372
27.5069 7.875 17.246 14.484 14.190 17.416
27.5139 8.143 17.194 14.634 14.028 17.458
27.5208 8.410 17.138 14.779 13.862 17.496
27.5278 8.675 17.079 14.921 13.692 17.531
27.5347 8.938 17.017 15.059 13.518 17.562
27.5417 9.197 16.951 15.193 13.340 17.591
27.5486 9.454 16.883 15.323 13.158 17.616
27.5556 9.706 16.810 15.450 12.971 17.638
27.5625 9.955 16.735 15.572 12.780 17.656
27.5694 10.200 16.656 15.691 12.585 17.672
27.5764 10.441 16.574 15.806 12.386 17.684
27.5833 10.677 16.488 15.918 12.182 17.692
27.5903 10.909 16.399 16.026 11.974 17.698
27.5972 11.137 16.306 16.130 11.761 17.700
27.6042 11.360 16.210 16.230 11.544 17.700
27.6111 11.579 16.110 16.327 11.323 17.695
27.6181 11.793 16.007 16.421 11.098 17.688
27.6250 12.003 15.900 16.510 10.868 17.678
27.6319 12.209 15.790 16.597 10.634 17.664
27.6389 12.410 15.676 16.679 10.396 17.647
27.6458 12.607 15.559 16.759 10.153 17.626
27.6528 12.799 15.437 16.835 9.907 17.603
27.6597 12.987 15.313 16.907 9.657 17.576
27.6667 13.171 15.184 16.976 9.403 17.545
27.6736 13.350 15.052 17.041 9.146 17.512
27.6806 13.525 14.916 17.104 8.886 17.475
27.6875 13.696 14.776 17.162 8.624 17.435
27.6944 13.863 14.632 17.218 8.359 17.392
27.7014 14.026 14.484 17.270 8.094 17.345
27.7083 14.185 14.333 17.318 nan 17.295
27.7153 14.339 14.177 17.363 nan 17.242
27.7222 14.490 14.018 17.405 nan 17.185
27.7292 14.637 13.855 17.444 nan 17.125
27.7361 14.779 13.687 17.479 nan 17.061
27.7431 14.918 13.516 17.511 nan 16.994
27.7500 15.053 13.340 17.540 nan 16.924
27.7569 15.184 13.160 17.565 nan 16.850
27.7639 15.312 12.976 17.588 nan 16.772
27.7708 15.435 12.788 17.606 nan 16.692
27.7778 15.555 12.596 17.622 nan 16.607
27.7847 15.671 12.399 17.634 nan 16.519
27.7917 15.784 12.198 17.643 nan 16.428
27.7986 15.893 11.993 17.649 nan 16.333
27.8056 15.998 11.784 17.652 nan 16.235
27.8125 16.099 11.570 17.651 nan 16.132
27.8194 16.197 11.352 17.647 nan 16.027
27.8264 16.292 11.130 17.639 nan 15.917
27.8333 16.383 10.903 17.629 nan 15.804
27.8403 16.471 10.672 17.615 nan 15.687
27.8472 16.555 10.438 17.598 nan 15.566
27.8542 16.635 10.199 17.577 nan 15.442
27.8611 16.712 9.956 17.554 nan 15.313
27.8681 16.786 9.709 17.527 nan 15.181
27.8750 16.856 9.459 17.496 nan 15.045
27.8819 16.923 9.205 17.463 nan 14.905
27.8889 16.987 8.949 17.426 nan 14.761
27.8958 17.047 8.690 17.386 nan 14.613
27.9028 17.104 8.429 17.342 nan 14.461
27.9097 17.158 8.166 17.295 nan 14.305
27.9167 17.208 nan 17.245 7.762 14.144
27.9236 17.255 nan 17.192 8.030 13.980
27.9306 17.299 nan 17.135 8.297 13.811
27.9375 17.340 nan 17.074 8.564 13.638
27.9444 17.377 nan 17.011 8.828 13.461
27.9514 17.411 nan 16.944 9.089 13.279
27.9583 17.442 nan 16.873 9.348 13.093
27.9653 17.469 nan 16.799 9.603 12.903
27.9722 17.493 nan 16.722 9.855 12.708
27.9792 17.514 nan 16.641 10.103 12.509
27.9861 17.532 nan 16.557 10.347 12.305
27.9931 17.547 nan 16.469 10.586 12.097
28.0000 17.558 nan 16.378 10.822 11.884
28.0069 17.567 nan 16.283 11.053 11.666
28.0139 17.572 nan 16.184 11.280 11.444
28.0208 17.574 nan 16.082 11.502 11.217
28.0278 17.572 nan 15.977 11.720 10.985
28.0347 17.568 nan 15.867 11.934 10.749
28.0417 17.560 nan 15.754 12.143 10.508
28.0486 17.549 nan 15.638 12.348 10.263
28.0556 17.535 nan 15.518 12.548 10.013
28.0625 17.518 nan 15.394 12.745 9.759
28.0694 17.497 nan 15.266 12.936 9.501
28.0764 17.474 nan 15.134 13.124 9.239
28.0833 17.447 nan 14.999 13.307 8.973
28.0903 17.417 nan 14.860 13.486 8.704
28.0972 17.384 nan 14.716 13.661 8.431
28.1042 17.347 nan 14.569 13.831 8.157
28.1111 17.307 nan 14.418 13.998 7.881
28.1181 17.264 7.311 14.263 14.160 7.604
28.1250 17.218 7.576 14.104 14.319 7.328
28.1319 17.169 7.843 13.941 14.473 nan
28.1389 17.116 8.109 13.774 14.623 nan
28.1458 17.060 8.375 13.603 14.770 nan
28.1528 17.000 8.639 13.427 14.912 nan
28.1597 16.938 8.901 13.248 15.050 nan
28.1667 16.872 9.160 13.064 15.185 nan
28.1736 16.803 9.416 12.876 15.316 nan
28.1806 16.730 9.668 12.684 15.443 nan
28.1875 16.654 9.916 12.487 15.566 nan
28.1944 16.575 10.161 12.286 15.686 nan
28.2014 16.492 10.401 12.081 15.802 nan
28.2083 16.406 10.637 11.871 15.914 nan
28.2153 16.317 10.869 11.657 16.022 nan
28.2222 16.223 11.096 11.439 16.127 nan
28.2292 16.127 11.319 11.216 16.228 nan
28.2361 16.027 11.538 10.989 16.326 nan
28.2431 15.924 11.752 10.758 16.420 nan
28.2500 15.817 11.962 10.522 16.510 nan
28.2569 15.706 12.168 10.283 16.597 nan
28.2639 15.592 12.369 10.039 16.681 nan
28.2708 15.474 12.565 9.792 16.761 nan
28.2778 15.353 12.757 9.541 16.837 nan
28.2847 15.228 12.945 9.286 16.910 nan
28.2917 15.099 13.129 9.028 16.980 nan
28.2986 14.967 13.308 8.768 17.046 nan
28.3056 14.831 13.484 8.505 17.109 nan
28.3125 14.691 13.655 8.240 17.169 nan
28.3194 14.547 13.822 nan 17.225 nan
28.3264 14.399 13.984 nan 17.277 7.915
28.3333 14.248 14.143 nan 17.327 8.189
28.3403 14.093 14.298 nan 17.373 8.461
28.3472 13.933 14.448 nan 17.415 8.731
28.3542 13.770 14.595 nan 17.455 8.999
28.3611 13.603 14.738 nan 17.491 9.263
28.3681 13.432 14.876 nan 17.524 9.524
28.3750 13.256 15.011 nan 17.553 9.781
28.3819 13.077 15.142 nan 17.579 10.034
28.3889 12.894 15.270 nan 17.602 10.282
28.3958 12.706 15.393 nan 17.622 10.527
28.4028 12.514 15.513 nan 17.638 10.767
28.4097 12.319 15.629 nan 17.651 11.003
28.4167 12.119 15.742 nan 17.661 11.234
28.4236 11.914 15.851 nan 17.667 11.461
28.4306 11.706 15.956 nan 17.671 11.683
28.4375 11.493 16.057 nan 17.670 11.900
28.4444 11.276 16.156 nan 17.667 12.113
28.4514 11.056 16.250 nan 17.661 12.322
28.4583 10.830 16.341 nan 17.651 12.526
28.4653 10.601 16.429 nan 17.638 12.726
28.4722 10.368 16.513 nan 17.621 12.921
28.4792 10.131 16.593 nan 17.601 13.112
28.4861 9.891 16.670 nan 17.579 13.299
28.4931 9.647 16.744 nan 17.552 13.481
28.5000 9.399 16.814 nan 17.523 13.659
28.5069 9.149 16.881 nan 17.490 13.833
28.5139 8.896 16.945 nan 17.454 14.002
28.5208 8.641 17.005 nan 17.414 14.168
28.5278 8.384 17.062 nan 17.371 14.329
28.5347 nan 17.115 7.886 17.325 14.486
28.5417 nan 17.165 8.153 17.276 14.640
28.5486 nan 17.212 8.419 17.223 14.789
28.5556 nan 17.256 8.683 17.167 14.934
28.5625 nan 17.297 8.945 17.107 15.076
28.5694 nan 17.334 9.204 17.044 15.213
28.5764 nan 17.368 9.461 16.978 15.347
28.5833 nan 17.398 9.714 16.908 15.477
28.5903 nan 17.426 9.963 16.835 15.603
28.5972 nan 17.450 10.209 16.758 15.725
28.6042 nan 17.471 10.450 16.678 15.844
28.6111 nan 17.489 10.687 16.594 15.959
28.6181 nan 17.503 10.920 16.507 16.070
28.6250 nan 17.514 11.149 16.416 16.178
28.6319 nan 17.523 11.374 16.322 16.282
28.6389 nan 17.527 11.594 16.224 16.382
28.6458 nan 17.529 11.810 16.123 16.480
28.6528 nan 17.528 12.021 16.017 16.573
28.6597 nan 17.523 12.228 15.909 16.663
28.6667 nan 17.515 12.431 15.796 16.749
28.6736 nan 17.504 12.629 15.680 16.832
28.6806 nan 17.490 12.823 15.561 16.912
28.6875 nan 17.473 13.013 15.437 16.988
28.6944 nan 17.452 13.198 15.310 17.060
28.7014 nan 17.428 13.380 15.179 17.130
28.7083 nan 17.401 13.557 15.044 17.196
28.7153 nan 17.371 13.730 14.905 17.258
28.7222 nan 17.338 13.898 14.762 17.317
28.7292 nan 17.301 14.063 14.615 17.373
28.7361 nan 17.261 14.224 14.465 17.426
28.7431 7.350 17.218 14.380 14.310 17.475
28.7500 7.610 17.172 14.533 14.151 17.521
28.7569 7.872 17.122 14.682 13.989 17.563
28.7639 8.134 17.069 14.826 13.822 17.603
28.7708 8.395 17.013 14.967 13.651 17.639
28.7778 8.655 16.954 15.104 13.476 17.672
28.7847 8.913 16.891 15.237 13.296 17.701
28.7917 9.168 16.825 15.367 13.113 17.727
28.7986 9.420 16.755 15.492 12.925 17.750
28.8056 9.668 16.683 15.614 12.732 17.770
28.8125 9.914 16.607 15.732 12.536 17.787
28.8194 10.155 16.527 15.847 12.335 17.800
28.8264 10.392 16.445 15.958 12.130 17.810
28.8333 10.625 16.358 16.065 11.920 17.817
28.8403 10.855 16.269 16.168 11.706 17.820
28.8472 11.079 16.176 16.268 11.487 17.821
28.8542 11.300 16.079 16.364 11.264 17.818
28.8611 11.516 15.979 16.457 11.037 17.812
28.8681 11.728 15.876 16.547 10.805 17.802
28.8750 11.936 15.769 16.632 10.569 17.790
28.8819 12.139 15.659 16.715 10.329 17.774
28.8889 12.338 15.544 16.794 10.085 17.755
28.8958 12.533 15.427 16.869 9.836 17.732
28.9028 12.723 15.306 16.941 9.584 17.707
28.9097 12.909 15.181 17.010 9.329 17.678
28.9167 13.091 15.052 17.075 9.070 17.645
28.9236 13.269 14.920 17.136 8.808 17.610
28.9306 13.443 14.784 17.195 8.543 17.571
28.9375 13.612 14.644 17.250 8.277 17.529
28.9444 13.777 14.501 17.302 8.009 17.484
28.9514 13.939 14.353 17.350 nan 17.435
28.9583 14.096 14.202 17.395 nan 17.383
28.9653 14.249 14.047 17.437 nan 17.327
28.9722 14.398 13.888 17.475 nan 17.269
28.9792 14.543 13.725 17.510 nan 17.206
28.9861 14.685 13.559 17.542 nan 17.141
28.9931 14.822 13.388 17.570 nan 17.072
29.0000 14.956 13.213 17.595 nan 16.999
29.0069 15.086 13.034 17.617 nan 16.924
29.0139 15.212 12.851 17.636 nan 16.844
29.0208 15.335 12.664 17.651 nan 16.761
29.0278 15.453 12.473 17.663 nan 16.675
29.0347 15.568 12.278 17.672 nan 16.585
29.0417 15.680 12.079 17.678 nan 16.492
29.0486 15.787 11.876 17.680 nan 16.395
29.0556 15.891 11.668 17.679 nan 16.294
29.0625 15.992 11.457 17.675 nan 16.189
29.0694 16.089 11.241 17.667 nan 16.081
29.0764 16.182 11.021 17.657 nan 15.970
29.0833 16.272 10.798 17.643 nan 15.854
29.0903 16.359 10.570 17.625 nan 15.735
29.0972 16.442 10.339 17.605 nan 15.612
29.1042 16.521 10.104 17.581 nan 15.485
29.1111 16.597 9.865 17.554 nan 15.355
29.1181 16.670 9.623 17.523 nan 15.220
29.1250 16.739 9.378 17.489 nan 15.082
29.1319 16.805 9.130 17.452 nan 14.939
29.1389 16.868 8.880 17.412 nan 14.793
29.1458 16.927 8.627 17.368 nan 14.642
29.1528 16.983 nan 17.321 nan 14.487
29.1597 17.036 nan 17.271 7.862 14.329
29.1667 17.085 nan 17.217 8.131 14.166
29.1736 17.131 nan 17.160 8.399 13.998
29.1806 17.174 nan 17.099 8.665 13.827
29.1875 17.213 nan 17.035 8.929 13.651
29.1944 17.249 nan 16.968 9.191 13.471
29.2014 17.282 nan 16.897 9.449 13.287
29.2083 17.312 nan 16.823 9.704 13.098
29.2153 17.338 nan 16.745 9.955 12.904
29.2222 17.362 nan 16.664 10.202 12.706
29.2292 17.382 nan 16.579 10.445 12.503
29.2361 17.399 nan 16.491 10.684 12.296
29.2431 17.412 nan 16.399 10.919 12.084
29.2500 17.423 nan 16.304 11.149 11.867
29.2569 17.430 nan 16.205 11.375 11.646
29.2639 17.434 nan 16.102 11.596 11.420
29.2708 17.435 nan 15.996 11.814 11.189
29.2778 17.433 nan 15.886 12.026 10.953
29.2847 17.427 nan 15.773 12.235 10.713
29.2917 17.418 nan 15.656 12.438 10.467
29.2986 17.407 nan 15.534 12.638 10.217
29.3056 17.391 nan 15.410 12.833 9.963
29.3125 17.373 nan 15.281 13.024 9.704
29.3194 17.352 nan 15.149 13.211 9.440
29.3264 17.327 nan 15.012 13.393 9.172
29.3333 17.299 nan 14.872 13.572 8.900
29.3403 17.268 nan 14.728 13.746 8.625
29.3472 17.234 nan 14.580 13.915 8.347
29.3542 17.196 nan 14.428 14.081 8.066
29.3611 17.156 7.106 14.272 14.243 7.783
29.3681 17.112 7.359 14.112 14.401 7.499
29.3750 17.064 7.616 13.947 14.554 7.216
29.3819 17.014 7.875 13.779 14.704 6.934
29.3889 16.960 8.133 13.606 14.850 nan
29.3958 16.903 8.392 13.429 14.991 nan
29.4028 16.843 8.649 13.248 15.129 nan
29.4097 16.780 8.904 13.063 15.263 nan
29.4167 16.713 9.157 12.873 15.394 nan
29.4236 16.643 9.407 12.679 15.520 nan
29.4306 16.569 9.653 12.481 15.643 nan
29.4375 16.492 9.897 12.278 15.762 nan
29.4444 16.412 10.136 12.071 15.878 nan
29.4514 16.329 10.372 11.859 15.989 nan
29.4583 16.242 10.604 11.643 16.097 nan
29.4653 16.151 10.831 11.422 16.202 nan
29.4722 16.058 11.055 11.197 16.303 nan
29.4792 15.960 11.274 10.968 16.400 nan
29.4861 15.860 11.489 10.734 16.494 nan
29.4931 15.756 11.700 10.495 16.584 nan
29.5000 15.648 11.906 10.253 16.671 nan
29.5069 15.537 12.108 10.006 16.754 nan
29.5139 15.422 12.306 9.755 16.834 nan
29.5208 15.304 12.500 9.501 16.910 nan
29.5278 15.182 12.689 9.242 16.983 nan
